#include <pgmspace.h>

const uint8_t Volkswagen30[] PROGMEM = {
0x00, 0x00, 0x00, 0x5E, 0x00, 0x00, 0x00, 0x0B, 0x00, 0x00, 0x00, 0x1E, 0x00, 0x00, 0x00, 0x00,
0x00, 0x00, 0x00, 0x17, 0x00, 0x00, 0x00, 0x06, 0x00, 0x00, 0x00, 0x21, 0x00, 0x00, 0x00, 0x16,
0x00, 0x00, 0x00, 0x03, 0x00, 0x00, 0x00, 0x07, 0x00, 0x00, 0x00, 0x16, 0x00, 0x00, 0x00, 0x01,
0x00, 0x00, 0x00, 0x00, 0x00, 0x00, 0x00, 0x22, 0x00, 0x00, 0x00, 0x07, 0x00, 0x00, 0x00, 0x0B,
0x00, 0x00, 0x00, 0x0B, 0x00, 0x00, 0x00, 0x16, 0x00, 0x00, 0x00, 0x00, 0x00, 0x00, 0x00, 0x00,
0x00, 0x00, 0x00, 0x23, 0x00, 0x00, 0x00, 0x16, 0x00, 0x00, 0x00, 0x0F, 0x00, 0x00, 0x00, 0x13,
0x00, 0x00, 0x00, 0x17, 0x00, 0x00, 0x00, 0x01, 0x00, 0x00, 0x00, 0x00, 0x00, 0x00, 0x00, 0x24,
0x00, 0x00, 0x00, 0x1B, 0x00, 0x00, 0x00, 0x0E, 0x00, 0x00, 0x00, 0x0F, 0x00, 0x00, 0x00, 0x18,
0x00, 0x00, 0x00, 0x01, 0x00, 0x00, 0x00, 0x00, 0x00, 0x00, 0x00, 0x25, 0x00, 0x00, 0x00, 0x16,
0x00, 0x00, 0x00, 0x14, 0x00, 0x00, 0x00, 0x16, 0x00, 0x00, 0x00, 0x16, 0x00, 0x00, 0x00, 0x01,
0x00, 0x00, 0x00, 0x00, 0x00, 0x00, 0x00, 0x26, 0x00, 0x00, 0x00, 0x17, 0x00, 0x00, 0x00, 0x13,
0x00, 0x00, 0x00, 0x15, 0x00, 0x00, 0x00, 0x16, 0x00, 0x00, 0x00, 0x01, 0x00, 0x00, 0x00, 0x00,
0x00, 0x00, 0x00, 0x27, 0x00, 0x00, 0x00, 0x07, 0x00, 0x00, 0x00, 0x06, 0x00, 0x00, 0x00, 0x06,
0x00, 0x00, 0x00, 0x16, 0x00, 0x00, 0x00, 0x00, 0x00, 0x00, 0x00, 0x00, 0x00, 0x00, 0x00, 0x28,
0x00, 0x00, 0x00, 0x19, 0x00, 0x00, 0x00, 0x06, 0x00, 0x00, 0x00, 0x07, 0x00, 0x00, 0x00, 0x18,
0x00, 0x00, 0x00, 0x01, 0x00, 0x00, 0x00, 0x00, 0x00, 0x00, 0x00, 0x29, 0x00, 0x00, 0x00, 0x19,
0x00, 0x00, 0x00, 0x05, 0x00, 0x00, 0x00, 0x07, 0x00, 0x00, 0x00, 0x18, 0x00, 0x00, 0x00, 0x00,
0x00, 0x00, 0x00, 0x00, 0x00, 0x00, 0x00, 0x2A, 0x00, 0x00, 0x00, 0x0B, 0x00, 0x00, 0x00, 0x0B,
0x00, 0x00, 0x00, 0x0C, 0x00, 0x00, 0x00, 0x16, 0x00, 0x00, 0x00, 0x01, 0x00, 0x00, 0x00, 0x00,
0x00, 0x00, 0x00, 0x2B, 0x00, 0x00, 0x00, 0x0E, 0x00, 0x00, 0x00, 0x0F, 0x00, 0x00, 0x00, 0x11,
0x00, 0x00, 0x00, 0x11, 0x00, 0x00, 0x00, 0x01, 0x00, 0x00, 0x00, 0x00, 0x00, 0x00, 0x00, 0x2C,
0x00, 0x00, 0x00, 0x07, 0x00, 0x00, 0x00, 0x06, 0x00, 0x00, 0x00, 0x06, 0x00, 0x00, 0x00, 0x03,
0xFF, 0xFF, 0xFF, 0xFF, 0x00, 0x00, 0x00, 0x00, 0x00, 0x00, 0x00, 0x2D, 0x00, 0x00, 0x00, 0x03,
0x00, 0x00, 0x00, 0x0A, 0x00, 0x00, 0x00, 0x0B, 0x00, 0x00, 0x00, 0x0A, 0x00, 0x00, 0x00, 0x01,
0x00, 0x00, 0x00, 0x00, 0x00, 0x00, 0x00, 0x2E, 0x00, 0x00, 0x00, 0x03, 0x00, 0x00, 0x00, 0x03,
0x00, 0x00, 0x00, 0x06, 0x00, 0x00, 0x00, 0x03, 0x00, 0x00, 0x00, 0x01, 0x00, 0x00, 0x00, 0x00,
0x00, 0x00, 0x00, 0x2F, 0x00, 0x00, 0x00, 0x17, 0x00, 0x00, 0x00, 0x0C, 0x00, 0x00, 0x00, 0x0C,
0x00, 0x00, 0x00, 0x17, 0xFF, 0xFF, 0xFF, 0xFF, 0x00, 0x00, 0x00, 0x00, 0x00, 0x00, 0x00, 0x30,
0x00, 0x00, 0x00, 0x16, 0x00, 0x00, 0x00, 0x0F, 0x00, 0x00, 0x00, 0x11, 0x00, 0x00, 0x00, 0x16,
0x00, 0x00, 0x00, 0x01, 0x00, 0x00, 0x00, 0x00, 0x00, 0x00, 0x00, 0x31, 0x00, 0x00, 0x00, 0x16,
0x00, 0x00, 0x00, 0x07, 0x00, 0x00, 0x00, 0x11, 0x00, 0x00, 0x00, 0x16, 0x00, 0x00, 0x00, 0x03,
0x00, 0x00, 0x00, 0x00, 0x00, 0x00, 0x00, 0x32, 0x00, 0x00, 0x00, 0x16, 0x00, 0x00, 0x00, 0x0F,
0x00, 0x00, 0x00, 0x11, 0x00, 0x00, 0x00, 0x16, 0x00, 0x00, 0x00, 0x00, 0x00, 0x00, 0x00, 0x00,
0x00, 0x00, 0x00, 0x33, 0x00, 0x00, 0x00, 0x16, 0x00, 0x00, 0x00, 0x0E, 0x00, 0x00, 0x00, 0x11,
0x00, 0x00, 0x00, 0x16, 0x00, 0x00, 0x00, 0x01, 0x00, 0x00, 0x00, 0x00, 0x00, 0x00, 0x00, 0x34,
0x00, 0x00, 0x00, 0x16, 0x00, 0x00, 0x00, 0x10, 0x00, 0x00, 0x00, 0x11, 0x00, 0x00, 0x00, 0x16,
0x00, 0x00, 0x00, 0x00, 0x00, 0x00, 0x00, 0x00, 0x00, 0x00, 0x00, 0x35, 0x00, 0x00, 0x00, 0x16,
0x00, 0x00, 0x00, 0x0E, 0x00, 0x00, 0x00, 0x11, 0x00, 0x00, 0x00, 0x16, 0x00, 0x00, 0x00, 0x01,
0x00, 0x00, 0x00, 0x00, 0x00, 0x00, 0x00, 0x36, 0x00, 0x00, 0x00, 0x16, 0x00, 0x00, 0x00, 0x0E,
0x00, 0x00, 0x00, 0x11, 0x00, 0x00, 0x00, 0x16, 0x00, 0x00, 0x00, 0x01, 0x00, 0x00, 0x00, 0x00,
0x00, 0x00, 0x00, 0x37, 0x00, 0x00, 0x00, 0x16, 0x00, 0x00, 0x00, 0x0F, 0x00, 0x00, 0x00, 0x11,
0x00, 0x00, 0x00, 0x16, 0x00, 0x00, 0x00, 0x01, 0x00, 0x00, 0x00, 0x00, 0x00, 0x00, 0x00, 0x38,
0x00, 0x00, 0x00, 0x16, 0x00, 0x00, 0x00, 0x0E, 0x00, 0x00, 0x00, 0x11, 0x00, 0x00, 0x00, 0x16,
0x00, 0x00, 0x00, 0x01, 0x00, 0x00, 0x00, 0x00, 0x00, 0x00, 0x00, 0x39, 0x00, 0x00, 0x00, 0x16,
0x00, 0x00, 0x00, 0x0E, 0x00, 0x00, 0x00, 0x11, 0x00, 0x00, 0x00, 0x16, 0x00, 0x00, 0x00, 0x01,
0x00, 0x00, 0x00, 0x00, 0x00, 0x00, 0x00, 0x3A, 0x00, 0x00, 0x00, 0x0D, 0x00, 0x00, 0x00, 0x03,
0x00, 0x00, 0x00, 0x06, 0x00, 0x00, 0x00, 0x0D, 0x00, 0x00, 0x00, 0x01, 0x00, 0x00, 0x00, 0x00,
0x00, 0x00, 0x00, 0x3B, 0x00, 0x00, 0x00, 0x11, 0x00, 0x00, 0x00, 0x06, 0x00, 0x00, 0x00, 0x07,
0x00, 0x00, 0x00, 0x0D, 0x00, 0x00, 0x00, 0x00, 0x00, 0x00, 0x00, 0x00, 0x00, 0x00, 0x00, 0x3C,
0x00, 0x00, 0x00, 0x0C, 0x00, 0x00, 0x00, 0x06, 0x00, 0x00, 0x00, 0x08, 0x00, 0x00, 0x00, 0x0E,
0x00, 0x00, 0x00, 0x01, 0x00, 0x00, 0x00, 0x00, 0x00, 0x00, 0x00, 0x3D, 0x00, 0x00, 0x00, 0x06,
0x00, 0x00, 0x00, 0x10, 0x00, 0x00, 0x00, 0x11, 0x00, 0x00, 0x00, 0x0D, 0x00, 0x00, 0x00, 0x00,
0x00, 0x00, 0x00, 0x00, 0x00, 0x00, 0x00, 0x3E, 0x00, 0x00, 0x00, 0x0C, 0x00, 0x00, 0x00, 0x06,
0x00, 0x00, 0x00, 0x08, 0x00, 0x00, 0x00, 0x0E, 0x00, 0x00, 0x00, 0x01, 0x00, 0x00, 0x00, 0x00,
0x00, 0x00, 0x00, 0x3F, 0x00, 0x00, 0x00, 0x16, 0x00, 0x00, 0x00, 0x0D, 0x00, 0x00, 0x00, 0x0E,
0x00, 0x00, 0x00, 0x16, 0x00, 0x00, 0x00, 0x00, 0x00, 0x00, 0x00, 0x00, 0x00, 0x00, 0x00, 0x40,
0x00, 0x00, 0x00, 0x16, 0x00, 0x00, 0x00, 0x14, 0x00, 0x00, 0x00, 0x19, 0x00, 0x00, 0x00, 0x16,
0x00, 0x00, 0x00, 0x01, 0x00, 0x00, 0x00, 0x00, 0x00, 0x00, 0x00, 0x41, 0x00, 0x00, 0x00, 0x16,
0x00, 0x00, 0x00, 0x13, 0x00, 0x00, 0x00, 0x13, 0x00, 0x00, 0x00, 0x16, 0x00, 0x00, 0x00, 0x00,
0x00, 0x00, 0x00, 0x00, 0x00, 0x00, 0x00, 0x42, 0x00, 0x00, 0x00, 0x16, 0x00, 0x00, 0x00, 0x0E,
0x00, 0x00, 0x00, 0x11, 0x00, 0x00, 0x00, 0x16, 0x00, 0x00, 0x00, 0x01, 0x00, 0x00, 0x00, 0x00,
0x00, 0x00, 0x00, 0x43, 0x00, 0x00, 0x00, 0x16, 0x00, 0x00, 0x00, 0x11, 0x00, 0x00, 0x00, 0x12,
0x00, 0x00, 0x00, 0x16, 0x00, 0x00, 0x00, 0x01, 0x00, 0x00, 0x00, 0x00, 0x00, 0x00, 0x00, 0x44,
0x00, 0x00, 0x00, 0x16, 0x00, 0x00, 0x00, 0x11, 0x00, 0x00, 0x00, 0x14, 0x00, 0x00, 0x00, 0x16,
0x00, 0x00, 0x00, 0x01, 0x00, 0x00, 0x00, 0x00, 0x00, 0x00, 0x00, 0x45, 0x00, 0x00, 0x00, 0x16,
0x00, 0x00, 0x00, 0x0C, 0x00, 0x00, 0x00, 0x0E, 0x00, 0x00, 0x00, 0x16, 0x00, 0x00, 0x00, 0x01,
0x00, 0x00, 0x00, 0x00, 0x00, 0x00, 0x00, 0x46, 0x00, 0x00, 0x00, 0x16, 0x00, 0x00, 0x00, 0x0B,
0x00, 0x00, 0x00, 0x0D, 0x00, 0x00, 0x00, 0x16, 0x00, 0x00, 0x00, 0x01, 0x00, 0x00, 0x00, 0x00,
0x00, 0x00, 0x00, 0x47, 0x00, 0x00, 0x00, 0x16, 0x00, 0x00, 0x00, 0x13, 0x00, 0x00, 0x00, 0x15,
0x00, 0x00, 0x00, 0x16, 0x00, 0x00, 0x00, 0x01, 0x00, 0x00, 0x00, 0x00, 0x00, 0x00, 0x00, 0x48,
0x00, 0x00, 0x00, 0x16, 0x00, 0x00, 0x00, 0x11, 0x00, 0x00, 0x00, 0x15, 0x00, 0x00, 0x00, 0x16,
0x00, 0x00, 0x00, 0x01, 0x00, 0x00, 0x00, 0x00, 0x00, 0x00, 0x00, 0x49, 0x00, 0x00, 0x00, 0x16,
0x00, 0x00, 0x00, 0x03, 0x00, 0x00, 0x00, 0x07, 0x00, 0x00, 0x00, 0x16, 0x00, 0x00, 0x00, 0x01,
0x00, 0x00, 0x00, 0x00, 0x00, 0x00, 0x00, 0x4A, 0x00, 0x00, 0x00, 0x16, 0x00, 0x00, 0x00, 0x0B,
0x00, 0x00, 0x00, 0x0C, 0x00, 0x00, 0x00, 0x16, 0x00, 0x00, 0x00, 0x00, 0x00, 0x00, 0x00, 0x00,
0x00, 0x00, 0x00, 0x4B, 0x00, 0x00, 0x00, 0x16, 0x00, 0x00, 0x00, 0x10, 0x00, 0x00, 0x00, 0x12,
0x00, 0x00, 0x00, 0x16, 0x00, 0x00, 0x00, 0x01, 0x00, 0x00, 0x00, 0x00, 0x00, 0x00, 0x00, 0x4C,
0x00, 0x00, 0x00, 0x16, 0x00, 0x00, 0x00, 0x0B, 0x00, 0x00, 0x00, 0x0C, 0x00, 0x00, 0x00, 0x16,
0x00, 0x00, 0x00, 0x01, 0x00, 0x00, 0x00, 0x00, 0x00, 0x00, 0x00, 0x4D, 0x00, 0x00, 0x00, 0x16,
0x00, 0x00, 0x00, 0x19, 0x00, 0x00, 0x00, 0x1A, 0x00, 0x00, 0x00, 0x16, 0x00, 0x00, 0x00, 0x00,
0x00, 0x00, 0x00, 0x00, 0x00, 0x00, 0x00, 0x4E, 0x00, 0x00, 0x00, 0x16, 0x00, 0x00, 0x00, 0x11,
0x00, 0x00, 0x00, 0x15, 0x00, 0x00, 0x00, 0x16, 0x00, 0x00, 0x00, 0x01, 0x00, 0x00, 0x00, 0x00,
0x00, 0x00, 0x00, 0x4F, 0x00, 0x00, 0x00, 0x16, 0x00, 0x00, 0x00, 0x14, 0x00, 0x00, 0x00, 0x15,
0x00, 0x00, 0x00, 0x16, 0x00, 0x00, 0x00, 0x01, 0x00, 0x00, 0x00, 0x00, 0x00, 0x00, 0x00, 0x50,
0x00, 0x00, 0x00, 0x16, 0x00, 0x00, 0x00, 0x0E, 0x00, 0x00, 0x00, 0x10, 0x00, 0x00, 0x00, 0x16,
0x00, 0x00, 0x00, 0x01, 0x00, 0x00, 0x00, 0x00, 0x00, 0x00, 0x00, 0x51, 0x00, 0x00, 0x00, 0x17,
0x00, 0x00, 0x00, 0x15, 0x00, 0x00, 0x00, 0x15, 0x00, 0x00, 0x00, 0x16, 0x00, 0x00, 0x00, 0x01,
0x00, 0x00, 0x00, 0x00, 0x00, 0x00, 0x00, 0x52, 0x00, 0x00, 0x00, 0x16, 0x00, 0x00, 0x00, 0x0E,
0x00, 0x00, 0x00, 0x10, 0x00, 0x00, 0x00, 0x16, 0x00, 0x00, 0x00, 0x01, 0x00, 0x00, 0x00, 0x00,
0x00, 0x00, 0x00, 0x53, 0x00, 0x00, 0x00, 0x16, 0x00, 0x00, 0x00, 0x0E, 0x00, 0x00, 0x00, 0x0F,
0x00, 0x00, 0x00, 0x16, 0x00, 0x00, 0x00, 0x01, 0x00, 0x00, 0x00, 0x00, 0x00, 0x00, 0x00, 0x54,
0x00, 0x00, 0x00, 0x16, 0x00, 0x00, 0x00, 0x0D, 0x00, 0x00, 0x00, 0x0E, 0x00, 0x00, 0x00, 0x16,
0x00, 0x00, 0x00, 0x00, 0x00, 0x00, 0x00, 0x00, 0x00, 0x00, 0x00, 0x55, 0x00, 0x00, 0x00, 0x16,
0x00, 0x00, 0x00, 0x11, 0x00, 0x00, 0x00, 0x15, 0x00, 0x00, 0x00, 0x16, 0x00, 0x00, 0x00, 0x01,
0x00, 0x00, 0x00, 0x00, 0x00, 0x00, 0x00, 0x56, 0x00, 0x00, 0x00, 0x16, 0x00, 0x00, 0x00, 0x12,
0x00, 0x00, 0x00, 0x11, 0x00, 0x00, 0x00, 0x16, 0x00, 0x00, 0x00, 0x00, 0x00, 0x00, 0x00, 0x00,
0x00, 0x00, 0x00, 0x57, 0x00, 0x00, 0x00, 0x16, 0x00, 0x00, 0x00, 0x1A, 0x00, 0x00, 0x00, 0x1A,
0x00, 0x00, 0x00, 0x16, 0x00, 0x00, 0x00, 0x00, 0x00, 0x00, 0x00, 0x00, 0x00, 0x00, 0x00, 0x58,
0x00, 0x00, 0x00, 0x16, 0x00, 0x00, 0x00, 0x11, 0x00, 0x00, 0x00, 0x12, 0x00, 0x00, 0x00, 0x16,
0x00, 0x00, 0x00, 0x00, 0x00, 0x00, 0x00, 0x00, 0x00, 0x00, 0x00, 0x59, 0x00, 0x00, 0x00, 0x16,
0x00, 0x00, 0x00, 0x0F, 0x00, 0x00, 0x00, 0x10, 0x00, 0x00, 0x00, 0x16, 0x00, 0x00, 0x00, 0x00,
0x00, 0x00, 0x00, 0x00, 0x00, 0x00, 0x00, 0x5A, 0x00, 0x00, 0x00, 0x16, 0x00, 0x00, 0x00, 0x11,
0x00, 0x00, 0x00, 0x12, 0x00, 0x00, 0x00, 0x16, 0x00, 0x00, 0x00, 0x00, 0x00, 0x00, 0x00, 0x00,
0x00, 0x00, 0x00, 0x5B, 0x00, 0x00, 0x00, 0x18, 0x00, 0x00, 0x00, 0x06, 0x00, 0x00, 0x00, 0x07,
0x00, 0x00, 0x00, 0x17, 0x00, 0x00, 0x00, 0x01, 0x00, 0x00, 0x00, 0x00, 0x00, 0x00, 0x00, 0x5C,
0x00, 0x00, 0x00, 0x16, 0x00, 0x00, 0x00, 0x07, 0x00, 0x00, 0x00, 0x0A, 0x00, 0x00, 0x00, 0x16,
0x00, 0x00, 0x00, 0x00, 0x00, 0x00, 0x00, 0x00, 0x00, 0x00, 0x00, 0x5D, 0x00, 0x00, 0x00, 0x18,
0x00, 0x00, 0x00, 0x05, 0x00, 0x00, 0x00, 0x07, 0x00, 0x00, 0x00, 0x17, 0x00, 0x00, 0x00, 0x00,
0x00, 0x00, 0x00, 0x00, 0x00, 0x00, 0x00, 0x5E, 0x00, 0x00, 0x00, 0x05, 0x00, 0x00, 0x00, 0x0B,
0x00, 0x00, 0x00, 0x09, 0x00, 0x00, 0x00, 0x16, 0xFF, 0xFF, 0xFF, 0xFF, 0x00, 0x00, 0x00, 0x00,
0x00, 0x00, 0x00, 0x5F, 0x00, 0x00, 0x00, 0x01, 0x00, 0x00, 0x00, 0x01, 0x00, 0x00, 0x00, 0x0E,
0x00, 0x00, 0x00, 0x3C, 0xFF, 0xFF, 0xFF, 0xE2, 0x00, 0x00, 0x00, 0x00, 0x00, 0x00, 0x00, 0x60,
0x00, 0x00, 0x00, 0x05, 0x00, 0x00, 0x00, 0x08, 0x00, 0x00, 0x00, 0x07, 0x00, 0x00, 0x00, 0x16,
0xFF, 0xFF, 0xFF, 0xFF, 0x00, 0x00, 0x00, 0x00, 0x00, 0x00, 0x00, 0x61, 0x00, 0x00, 0x00, 0x10,
0x00, 0x00, 0x00, 0x0F, 0x00, 0x00, 0x00, 0x11, 0x00, 0x00, 0x00, 0x10, 0x00, 0x00, 0x00, 0x01,
0x00, 0x00, 0x00, 0x00, 0x00, 0x00, 0x00, 0x62, 0x00, 0x00, 0x00, 0x17, 0x00, 0x00, 0x00, 0x0E,
0x00, 0x00, 0x00, 0x11, 0x00, 0x00, 0x00, 0x17, 0x00, 0x00, 0x00, 0x01, 0x00, 0x00, 0x00, 0x00,
0x00, 0x00, 0x00, 0x63, 0x00, 0x00, 0x00, 0x10, 0x00, 0x00, 0x00, 0x0D, 0x00, 0x00, 0x00, 0x0E,
0x00, 0x00, 0x00, 0x10, 0x00, 0x00, 0x00, 0x01, 0x00, 0x00, 0x00, 0x00, 0x00, 0x00, 0x00, 0x64,
0x00, 0x00, 0x00, 0x17, 0x00, 0x00, 0x00, 0x0F, 0x00, 0x00, 0x00, 0x11, 0x00, 0x00, 0x00, 0x17,
0x00, 0x00, 0x00, 0x01, 0x00, 0x00, 0x00, 0x00, 0x00, 0x00, 0x00, 0x65, 0x00, 0x00, 0x00, 0x10,
0x00, 0x00, 0x00, 0x0F, 0x00, 0x00, 0x00, 0x10, 0x00, 0x00, 0x00, 0x10, 0x00, 0x00, 0x00, 0x01,
0x00, 0x00, 0x00, 0x00, 0x00, 0x00, 0x00, 0x66, 0x00, 0x00, 0x00, 0x17, 0x00, 0x00, 0x00, 0x09,
0x00, 0x00, 0x00, 0x08, 0x00, 0x00, 0x00, 0x17, 0x00, 0x00, 0x00, 0x00, 0x00, 0x00, 0x00, 0x00,
0x00, 0x00, 0x00, 0x67, 0x00, 0x00, 0x00, 0x16, 0x00, 0x00, 0x00, 0x0F, 0x00, 0x00, 0x00, 0x11,
0x00, 0x00, 0x00, 0x10, 0x00, 0x00, 0x00, 0x01, 0x00, 0x00, 0x00, 0x00, 0x00, 0x00, 0x00, 0x68,
0x00, 0x00, 0x00, 0x17, 0x00, 0x00, 0x00, 0x0D, 0x00, 0x00, 0x00, 0x11, 0x00, 0x00, 0x00, 0x17,
0x00, 0x00, 0x00, 0x01, 0x00, 0x00, 0x00, 0x00, 0x00, 0x00, 0x00, 0x69, 0x00, 0x00, 0x00, 0x16,
0x00, 0x00, 0x00, 0x03, 0x00, 0x00, 0x00, 0x07, 0x00, 0x00, 0x00, 0x16, 0x00, 0x00, 0x00, 0x01,
0x00, 0x00, 0x00, 0x00, 0x00, 0x00, 0x00, 0x6A, 0x00, 0x00, 0x00, 0x1C, 0x00, 0x00, 0x00, 0x03,
0x00, 0x00, 0x00, 0x07, 0x00, 0x00, 0x00, 0x16, 0x00, 0x00, 0x00, 0x01, 0x00, 0x00, 0x00, 0x00,
0x00, 0x00, 0x00, 0x6B, 0x00, 0x00, 0x00, 0x17, 0x00, 0x00, 0x00, 0x0D, 0x00, 0x00, 0x00, 0x0E,
0x00, 0x00, 0x00, 0x17, 0x00, 0x00, 0x00, 0x01, 0x00, 0x00, 0x00, 0x00, 0x00, 0x00, 0x00, 0x6C,
0x00, 0x00, 0x00, 0x17, 0x00, 0x00, 0x00, 0x03, 0x00, 0x00, 0x00, 0x07, 0x00, 0x00, 0x00, 0x17,
0x00, 0x00, 0x00, 0x01, 0x00, 0x00, 0x00, 0x00, 0x00, 0x00, 0x00, 0x6D, 0x00, 0x00, 0x00, 0x10,
0x00, 0x00, 0x00, 0x17, 0x00, 0x00, 0x00, 0x1A, 0x00, 0x00, 0x00, 0x10, 0x00, 0x00, 0x00, 0x01,
0x00, 0x00, 0x00, 0x00, 0x00, 0x00, 0x00, 0x6E, 0x00, 0x00, 0x00, 0x10, 0x00, 0x00, 0x00, 0x0D,
0x00, 0x00, 0x00, 0x11, 0x00, 0x00, 0x00, 0x10, 0x00, 0x00, 0x00, 0x01, 0x00, 0x00, 0x00, 0x00,
0x00, 0x00, 0x00, 0x6F, 0x00, 0x00, 0x00, 0x10, 0x00, 0x00, 0x00, 0x0F, 0x00, 0x00, 0x00, 0x11,
0x00, 0x00, 0x00, 0x10, 0x00, 0x00, 0x00, 0x01, 0x00, 0x00, 0x00, 0x00, 0x00, 0x00, 0x00, 0x70,
0x00, 0x00, 0x00, 0x16, 0x00, 0x00, 0x00, 0x0F, 0x00, 0x00, 0x00, 0x11, 0x00, 0x00, 0x00, 0x10,
0x00, 0x00, 0x00, 0x01, 0x00, 0x00, 0x00, 0x00, 0x00, 0x00, 0x00, 0x71, 0x00, 0x00, 0x00, 0x16,
0x00, 0x00, 0x00, 0x0F, 0x00, 0x00, 0x00, 0x11, 0x00, 0x00, 0x00, 0x10, 0x00, 0x00, 0x00, 0x01,
0x00, 0x00, 0x00, 0x00, 0x00, 0x00, 0x00, 0x72, 0x00, 0x00, 0x00, 0x10, 0x00, 0x00, 0x00, 0x08,
0x00, 0x00, 0x00, 0x09, 0x00, 0x00, 0x00, 0x10, 0x00, 0x00, 0x00, 0x01, 0x00, 0x00, 0x00, 0x00,
0x00, 0x00, 0x00, 0x73, 0x00, 0x00, 0x00, 0x10, 0x00, 0x00, 0x00, 0x0C, 0x00, 0x00, 0x00, 0x0D,
0x00, 0x00, 0x00, 0x10, 0x00, 0x00, 0x00, 0x00, 0x00, 0x00, 0x00, 0x00, 0x00, 0x00, 0x00, 0x74,
0x00, 0x00, 0x00, 0x16, 0x00, 0x00, 0x00, 0x09, 0x00, 0x00, 0x00, 0x08, 0x00, 0x00, 0x00, 0x16,
0x00, 0x00, 0x00, 0x00, 0x00, 0x00, 0x00, 0x00, 0x00, 0x00, 0x00, 0x75, 0x00, 0x00, 0x00, 0x10,
0x00, 0x00, 0x00, 0x0D, 0x00, 0x00, 0x00, 0x11, 0x00, 0x00, 0x00, 0x10, 0x00, 0x00, 0x00, 0x01,
0x00, 0x00, 0x00, 0x00, 0x00, 0x00, 0x00, 0x76, 0x00, 0x00, 0x00, 0x10, 0x00, 0x00, 0x00, 0x0E,
0x00, 0x00, 0x00, 0x0D, 0x00, 0x00, 0x00, 0x10, 0x00, 0x00, 0x00, 0x00, 0x00, 0x00, 0x00, 0x00,
0x00, 0x00, 0x00, 0x77, 0x00, 0x00, 0x00, 0x10, 0x00, 0x00, 0x00, 0x17, 0x00, 0x00, 0x00, 0x17,
0x00, 0x00, 0x00, 0x10, 0x00, 0x00, 0x00, 0x00, 0x00, 0x00, 0x00, 0x00, 0x00, 0x00, 0x00, 0x78,
0x00, 0x00, 0x00, 0x10, 0x00, 0x00, 0x00, 0x0D, 0x00, 0x00, 0x00, 0x0F, 0x00, 0x00, 0x00, 0x10,
0x00, 0x00, 0x00, 0x00, 0x00, 0x00, 0x00, 0x00, 0x00, 0x00, 0x00, 0x79, 0x00, 0x00, 0x00, 0x16,
0x00, 0x00, 0x00, 0x0E, 0x00, 0x00, 0x00, 0x0D, 0x00, 0x00, 0x00, 0x10, 0x00, 0x00, 0x00, 0x00,
0x00, 0x00, 0x00, 0x00, 0x00, 0x00, 0x00, 0x7A, 0x00, 0x00, 0x00, 0x10, 0x00, 0x00, 0x00, 0x0E,
0x00, 0x00, 0x00, 0x0E, 0x00, 0x00, 0x00, 0x10, 0xFF, 0xFF, 0xFF, 0xFF, 0x00, 0x00, 0x00, 0x00,
0x00, 0x00, 0x00, 0x7B, 0x00, 0x00, 0x00, 0x1D, 0x00, 0x00, 0x00, 0x08, 0x00, 0x00, 0x00, 0x0B,
0x00, 0x00, 0x00, 0x19, 0x00, 0x00, 0x00, 0x01, 0x00, 0x00, 0x00, 0x00, 0x00, 0x00, 0x00, 0x7C,
0x00, 0x00, 0x00, 0x16, 0x00, 0x00, 0x00, 0x03, 0x00, 0x00, 0x00, 0x06, 0x00, 0x00, 0x00, 0x16,
0x00, 0x00, 0x00, 0x01, 0x00, 0x00, 0x00, 0x00, 0x00, 0x00, 0x00, 0x7D, 0x00, 0x00, 0x00, 0x1D,
0x00, 0x00, 0x00, 0x07, 0x00, 0x00, 0x00, 0x0B, 0x00, 0x00, 0x00, 0x19, 0x00, 0x00, 0x00, 0x01,
0x00, 0x00, 0x00, 0x00, 0x00, 0x00, 0x00, 0x7E, 0x00, 0x00, 0x00, 0x03, 0x00, 0x00, 0x00, 0x0C,
0x00, 0x00, 0x00, 0x0D, 0x00, 0x00, 0x00, 0x1A, 0xFF, 0xFF, 0xFF, 0xFF, 0x00, 0x00, 0x00, 0x00,
0x89, 0xF4, 0x87, 0xFA, 0xFF, 0xF9, 0xFF, 0xFF, 0xFF, 0xFF, 0xFF, 0xFF, 0xFF, 0xFF, 0xFF, 0xFF,
0xFF, 0xFF, 0xFF, 0xFF, 0xFF, 0xFF, 0xFF, 0xFF, 0xFF, 0xFF, 0xFF, 0xFF, 0xFF, 0xFF, 0xFF, 0xFF,
0xFF, 0xFF, 0xFF, 0xFF, 0xFF, 0xFF, 0xFF, 0xFA, 0xFF, 0xFA, 0x89, 0xF4, 0x87, 0x00, 0x00, 0x00,
0x00, 0x00, 0x00, 0x00, 0x00, 0x00, 0x6D, 0xEF, 0x6B, 0xEB, 0xFF, 0xEB, 0xEC, 0xFF, 0xEC, 0x6C,
0xF0, 0x6C, 0x00, 0x00, 0x1E, 0xD3, 0xEE, 0x3E, 0x00, 0x31, 0xDD, 0xE7, 0x2C, 0x00, 0x00, 0xA0,
0xFF, 0xFF, 0x90, 0x00, 0xBF, 0xFF, 0xFF, 0x71, 0x00, 0x25, 0xFC, 0xFF, 0xFF, 0x3D, 0x40, 0xFF,
0xFF, 0xF9, 0x1E, 0x00, 0xA4, 0xFF, 0xFF, 0xBB, 0x00, 0xC2, 0xFF, 0xFF, 0x97, 0x00, 0x28, 0xFD,
0xFF, 0xFF, 0x3A, 0x43, 0xFF, 0xFF, 0xF9, 0x1D, 0x00, 0x7D, 0xFF, 0xFF, 0xB8, 0x00, 0x9F, 0xFF,
0xFF, 0x94, 0x00, 0x00, 0x30, 0xE9, 0xDB, 0x2B, 0x00, 0x4A, 0xF0, 0xCD, 0x18, 0x00, 0x00, 0x00,
0x00, 0x00, 0x00, 0x00, 0x00, 0x00, 0x1B, 0x00, 0x00, 0x00, 0x02, 0x00, 0x00, 0x00, 0x00, 0x00,
0x00, 0x00, 0x00, 0x00, 0x1E, 0xBD, 0x00, 0x00, 0x2C, 0xFF, 0xE1, 0x00, 0x00, 0x00, 0x00, 0x00,
0x00, 0x00, 0x00, 0x5B, 0x80, 0x00, 0x00, 0x69, 0xFF, 0xA4, 0x00, 0x00, 0x00, 0x00, 0x00, 0x00,
0x00, 0x00, 0x98, 0x43, 0x00, 0x00, 0xA6, 0xFF, 0x68, 0x00, 0x00, 0x00, 0x00, 0x00, 0x00, 0x00,
0x00, 0xCF, 0x0B, 0x00, 0x00, 0xE3, 0xFF, 0x2B, 0x00, 0x00, 0x00, 0x00, 0x00, 0x00, 0x00, 0x12,
0xC8, 0x00, 0x00, 0x21, 0xFF, 0xED, 0x01, 0x00, 0x00, 0x00, 0x00, 0x00, 0x00, 0x00, 0x4D, 0x8C,
0x00, 0x00, 0x5E, 0xFF, 0xB2, 0x00, 0x00, 0x00, 0x00, 0x00, 0x00, 0x00, 0x00, 0x8A, 0x72, 0x2A,
0x28, 0xA6, 0xFF, 0x76, 0x00, 0x00, 0x00, 0x00, 0x40, 0xFF, 0xFF, 0xFF, 0xFF, 0xFF, 0xFF, 0xFF,
0xFF, 0xFF, 0xFF, 0xFF, 0xFF, 0xFF, 0x00, 0xC0, 0xFF, 0xFF, 0xFF, 0xED, 0xB9, 0xBA, 0xC6, 0xFF,
0xFF, 0xFF, 0xFF, 0xFF, 0xFF, 0x00, 0x00, 0x00, 0x00, 0x47, 0x98, 0x00, 0x00, 0x4F, 0xFF, 0xBC,
0x00, 0x00, 0x00, 0x00, 0x00, 0x00, 0x00, 0x00, 0x83, 0x5C, 0x00, 0x00, 0x8D, 0xFF, 0x7F, 0x00,
0x00, 0x00, 0x00, 0x00, 0x00, 0x00, 0x00, 0xBF, 0x1F, 0x00, 0x00, 0xCA, 0xFF, 0x42, 0x00, 0x00,
0x00, 0x00, 0x00, 0x00, 0x00, 0x04, 0xDB, 0x0A, 0x09, 0x12, 0xFB, 0xFB, 0x0A, 0x00, 0x00, 0x00,
0x00, 0xFF, 0xFF, 0xFF, 0xFF, 0xFF, 0xFF, 0xFF, 0xFF, 0xFF, 0xFF, 0xFF, 0xFF, 0xFF, 0xBF, 0x00,
0xFF, 0xFF, 0xFF, 0xFF, 0xE4, 0xDA, 0xDB, 0xF2, 0xFF, 0xFF, 0xFF, 0xFF, 0xFF, 0x3F, 0x00, 0x00,
0x00, 0x00, 0xAF, 0x2B, 0x00, 0x00, 0xBF, 0xFF, 0x4D, 0x00, 0x00, 0x00, 0x00, 0x00, 0x00, 0x00,
0x00, 0xD8, 0x01, 0x00, 0x05, 0xF6, 0xFE, 0x12, 0x00, 0x00, 0x00, 0x00, 0x00, 0x00, 0x00, 0x2A,
0xB1, 0x00, 0x00, 0x39, 0xFF, 0xD3, 0x00, 0x00, 0x00, 0x00, 0x00, 0x00, 0x00, 0x00, 0x67, 0x74,
0x00, 0x00, 0x75, 0xFF, 0x97, 0x00, 0x00, 0x00, 0x00, 0x00, 0x00, 0x00, 0x00, 0xA4, 0x37, 0x00,
0x00, 0xB2, 0xFF, 0x5A, 0x00, 0x00, 0x00, 0x00, 0x00, 0x00, 0x00, 0x00, 0xBB, 0x05, 0x00, 0x01,
0xEB, 0xFF, 0x1E, 0x00, 0x00, 0x00, 0x00, 0x00, 0x00, 0x00, 0x00, 0x00, 0x00, 0x00, 0x00, 0xDC,
0x00, 0x00, 0x00, 0x00, 0x00, 0x00, 0x00, 0x00, 0x00, 0x00, 0x00, 0x00, 0x00, 0xFF, 0x00, 0x00,
0x00, 0x00, 0x00, 0x00, 0x00, 0x00, 0x00, 0x00, 0x49, 0xAF, 0xE7, 0xFF, 0xFB, 0xE6, 0xA4, 0x3C,
0x00, 0x00, 0x00, 0x00, 0x12, 0xAB, 0xFF, 0xFF, 0xFF, 0xFF, 0xFF, 0xFF, 0xFF, 0xFF, 0xB8, 0x0C,
0x00, 0x12, 0xD8, 0xFF, 0xFF, 0xFF, 0xFF, 0xFF, 0xFF, 0xFF, 0xFF, 0xFF, 0xFF, 0x6A, 0x00, 0x8A,
0xFF, 0xFF, 0xFF, 0xFF, 0xFF, 0xFF, 0x55, 0x5C, 0xC8, 0xFF, 0xFF, 0x47, 0x00, 0xD9, 0xFF, 0xFF,
0xF2, 0x71, 0x1B, 0xFE, 0x36, 0x00, 0x00, 0x33, 0x35, 0x00, 0x00, 0xF7, 0xFF, 0xFF, 0x51, 0x00,
0x00, 0xF9, 0x2A, 0x00, 0x00, 0x00, 0x00, 0x00, 0x00, 0xF7, 0xFF, 0xFF, 0x0F, 0x00, 0x00, 0xF4,
0x1E, 0x00, 0x00, 0x00, 0x00, 0x00, 0x00, 0xD2, 0xFF, 0xFF, 0x74, 0x00, 0x00, 0xEF, 0x12, 0x00,
0x00, 0x00, 0x00, 0x00, 0x00, 0x75, 0xFF, 0xFF, 0xFF, 0xA8, 0x38, 0xEA, 0x06, 0x00, 0x00, 0x00,
0x00, 0x00, 0x00, 0x02, 0x96, 0xFF, 0xFF, 0xFF, 0xFF, 0xFF, 0xD1, 0x7A, 0x20, 0x00, 0x00, 0x00,
0x00, 0x00, 0x00, 0x4C, 0xD7, 0xFF, 0xFF, 0xFF, 0xFF, 0xFF, 0xFE, 0xB2, 0x2D, 0x00, 0x00, 0x00,
0x00, 0x00, 0x00, 0x32, 0x82, 0xFF, 0xFF, 0xFF, 0xFF, 0xFF, 0xF8, 0x57, 0x00, 0x00, 0x00, 0x00,
0x00, 0x00, 0x00, 0xFF, 0x5F, 0xB5, 0xFC, 0xFF, 0xFF, 0xF5, 0x25, 0x00, 0x00, 0x00, 0x00, 0x00,
0x00, 0xFF, 0x00, 0x00, 0x32, 0xDE, 0xFF, 0xFF, 0x97, 0x00, 0x00, 0x00, 0x00, 0x00, 0x00, 0xFF,
0x00, 0x00, 0x00, 0x40, 0xFF, 0xFF, 0xDE, 0x00, 0x00, 0x00, 0x00, 0x00, 0x00, 0xFF, 0x00, 0x00,
0x00, 0x0D, 0xFF, 0xFF, 0xF8, 0x00, 0x00, 0x00, 0x00, 0x00, 0x00, 0xFF, 0x00, 0x00, 0x00, 0x48,
0xFF, 0xFF, 0xEE, 0x00, 0x00, 0x00, 0x00, 0x00, 0x00, 0xFF, 0x00, 0x00, 0x20, 0xE1, 0xFF, 0xFF,
0xC3, 0x8A, 0xF2, 0xC2, 0x6E, 0x24, 0x02, 0xFF, 0x1A, 0x69, 0xEB, 0xFF, 0xFF, 0xFF, 0x6E, 0xF5,
0xFF, 0xFF, 0xFF, 0xFF, 0xFF, 0xFF, 0xFF, 0xFF, 0xFF, 0xFF, 0xFF, 0xCF, 0x09, 0xB0, 0xFF, 0xFF,
0xFF, 0xFF, 0xFF, 0xFF, 0xFF, 0xFF, 0xFF, 0xFF, 0xCF, 0x18, 0x00, 0x0A, 0x92, 0xFA, 0xFF, 0xFF,
0xFF, 0xFF, 0xFF, 0xFF, 0xFE, 0x9C, 0x0B, 0x00, 0x00, 0x00, 0x00, 0x18, 0x5E, 0x91, 0xAE, 0xFF,
0xA4, 0x6B, 0x1E, 0x00, 0x00, 0x00, 0x00, 0x00, 0x00, 0x00, 0x00, 0x00, 0x00, 0xFF, 0x00, 0x00,
0x00, 0x00, 0x00, 0x00, 0x00, 0x00, 0x00, 0x00, 0x00, 0x00, 0x00, 0xCB, 0x00, 0x00, 0x00, 0x00,
0x00, 0x00, 0x00, 0x00, 0x00, 0x57, 0xC3, 0xF3, 0xF6, 0xCC, 0x69, 0x01, 0x00, 0x00, 0x00, 0x26,
0xDB, 0xF5, 0x60, 0x00, 0x00, 0x00, 0x00, 0x00, 0x97, 0xFF, 0xFF, 0xFF, 0xFF, 0xFF, 0xFF, 0xA8,
0x01, 0x00, 0x00, 0x99, 0xFF, 0xFF, 0x9F, 0x00, 0x00, 0x00, 0x00, 0x5B, 0xFF, 0xFF, 0xCF, 0x24,
0x1F, 0xCB, 0xFF, 0xFF, 0x63, 0x00, 0x14, 0xF6, 0xFF, 0xFF, 0x40, 0x00, 0x00, 0x00, 0x00, 0xC6,
0xFF, 0xFF, 0x42, 0x00, 0x00, 0x41, 0xFF, 0xFF, 0xC8, 0x00, 0x7E, 0xFF, 0xFF, 0xCD, 0x00, 0x00,
0x00, 0x00, 0x00, 0xF5, 0xFF, 0xFF, 0x0D, 0x00, 0x00, 0x0F, 0xFF, 0xFF, 0xF4, 0x07, 0xE9, 0xFF,
0xFF, 0x5A, 0x00, 0x00, 0x00, 0x00, 0x00, 0xF5, 0xFF, 0xFF, 0x0F, 0x00, 0x00, 0x0E, 0xFF, 0xFF,
0xF5, 0x63, 0xFF, 0xFF, 0xE3, 0x04, 0x00, 0x00, 0x00, 0x00, 0x00, 0xC7, 0xFF, 0xFF, 0x49, 0x00,
0x00, 0x49, 0xFF, 0xFF, 0xC7, 0xD4, 0xFF, 0xFF, 0x75, 0x00, 0x00, 0x00, 0x00, 0x00, 0x00, 0x5B,
0xFF, 0xFF, 0xD6, 0x25, 0x27, 0xD7, 0xFF, 0xFF, 0xA2, 0xFF, 0xFF, 0xF3, 0x0F, 0x00, 0x00, 0x00,
0x00, 0x00, 0x00, 0x00, 0x98, 0xFF, 0xFF, 0xFF, 0xFF, 0xFF, 0xFF, 0x93, 0xBB, 0xFF, 0xFF, 0x8F,
0x00, 0x00, 0x00, 0x00, 0x00, 0x00, 0x00, 0x00, 0x00, 0x5B, 0xC7, 0xF5, 0xF4, 0xC4, 0x58, 0x2E,
0xFF, 0xFF, 0xFC, 0x20, 0x00, 0x00, 0x00, 0x00, 0x00, 0x00, 0x00, 0x00, 0x00, 0x00, 0x00, 0x00,
0x00, 0x00, 0x00, 0xA0, 0xFF, 0xFF, 0xA9, 0x00, 0x00, 0x00, 0x00, 0x00, 0x00, 0x00, 0x00, 0x00,
0x00, 0x00, 0x00, 0x00, 0x00, 0x00, 0x19, 0xF9, 0xFF, 0xFF, 0x37, 0x00, 0x00, 0x00, 0x00, 0x00,
0x00, 0x00, 0x00, 0x00, 0x00, 0x00, 0x00, 0x00, 0x00, 0x00, 0x85, 0xFF, 0xFF, 0xC4, 0x00, 0x56,
0xC3, 0xF3, 0xF6, 0xCD, 0x6C, 0x02, 0x00, 0x00, 0x00, 0x00, 0x00, 0x00, 0x00, 0x0A, 0xED, 0xFF,
0xFF, 0x51, 0x93, 0xFF, 0xFF, 0xFF, 0xFF, 0xFF, 0xFF, 0xAF, 0x02, 0x00, 0x00, 0x00, 0x00, 0x00,
0x00, 0x6A, 0xFF, 0xFF, 0xDC, 0x5A, 0xFF, 0xFF, 0xCB, 0x21, 0x1E, 0xC5, 0xFF, 0xFF, 0x68, 0x00,
0x00, 0x00, 0x00, 0x00, 0x02, 0xDA, 0xFF, 0xFF, 0x6B, 0xC4, 0xFF, 0xFF, 0x3E, 0x00, 0x00, 0x3E,
0xFF, 0xFF, 0xCA, 0x00, 0x00, 0x00, 0x00, 0x00, 0x4F, 0xFF, 0xFF, 0xED, 0x0B, 0xF5, 0xFF, 0xFF,
0x0D, 0x00, 0x00, 0x10, 0xFF, 0xFF, 0xF4, 0x00, 0x00, 0x00, 0x00, 0x00, 0xC2, 0xFF, 0xFF, 0x85,
0x00, 0xF6, 0xFF, 0xFF, 0x0D, 0x00, 0x00, 0x0A, 0xFF, 0xFF, 0xF5, 0x00, 0x00, 0x00, 0x00, 0x34,
0xFF, 0xFF, 0xF9, 0x19, 0x00, 0xCA, 0xFF, 0xFF, 0x40, 0x00, 0x00, 0x39, 0xFF, 0xFF, 0xC9, 0x00,
0x00, 0x00, 0x00, 0xA7, 0xFF, 0xFF, 0xA0, 0x00, 0x00, 0x63, 0xFF, 0xFF, 0xCC, 0x21, 0x1F, 0xC7,
0xFF, 0xFF, 0x5E, 0x00, 0x00, 0x00, 0x02, 0xE2, 0xFF, 0xFF, 0x2E, 0x00, 0x00, 0x01, 0xA2, 0xFF,
0xFF, 0xFF, 0xFF, 0xFF, 0xFF, 0x9B, 0x00, 0x00, 0x00, 0x00, 0x00, 0x70, 0xF8, 0xA8, 0x00, 0x00,
0x00, 0x00, 0x01, 0x62, 0xC9, 0xF5, 0xF5, 0xC7, 0x5D, 0x00, 0x00, 0x00, 0x00, 0x00, 0x00, 0x01,
0x5B, 0xBB, 0xEC, 0xFB, 0xEC, 0xBC, 0x5B, 0x01, 0x00, 0x00, 0x00, 0x00, 0x00, 0x00, 0x00, 0x00,
0x00, 0x07, 0xB4, 0xFF, 0xFF, 0xFF, 0xFF, 0xFF, 0xFF, 0xFF, 0xB4, 0x07, 0x00, 0x00, 0x00, 0x00,
0x00, 0x00, 0x00, 0x00, 0x83, 0xFF, 0xFF, 0xFF, 0xFF, 0xFF, 0xFF, 0xFF, 0xFF, 0xFF, 0x81, 0x00,
0x00, 0x00, 0x00, 0x00, 0x00, 0x00, 0x00, 0xE0, 0xFF, 0xFF, 0xBE, 0x2D, 0x09, 0x35, 0xCA, 0xFF,
0xFF, 0xDE, 0x00, 0x00, 0x00, 0x00, 0x00, 0x00, 0x00, 0x00, 0xF9, 0xFF, 0xFF, 0x1A, 0x00, 0x00,
0x00, 0x20, 0xFF, 0xFF, 0xFA, 0x00, 0x00, 0x00, 0x00, 0x00, 0x00, 0x00, 0x00, 0xD8, 0xFF, 0xFF,
0x23, 0x00, 0x00, 0x00, 0x25, 0xFF, 0xFF, 0xE3, 0x00, 0x00, 0x00, 0x00, 0x00, 0x00, 0x00, 0x00,
0x7B, 0xFF, 0xFF, 0xA8, 0x00, 0x00, 0x0C, 0xBF, 0xFF, 0xFF, 0x90, 0x00, 0x00, 0x00, 0x00, 0x00,
0x00, 0x00, 0x00, 0x0A, 0xDA, 0xFF, 0xFF, 0x76, 0x57, 0xE0, 0xFF, 0xFF, 0xC3, 0x0B, 0x00, 0x00,
0x00, 0x00, 0x00, 0x00, 0x00, 0x00, 0x00, 0x43, 0xFF, 0xFF, 0xFF, 0xFF, 0xFF, 0xFF, 0xA3, 0x08,
0x00, 0x00, 0x00, 0x00, 0x00, 0x00, 0x00, 0x00, 0x00, 0x58, 0xEB, 0xFF, 0xFF, 0xFF, 0xFF, 0xE8,
0x4E, 0x00, 0x00, 0x00, 0x00, 0x00, 0x00, 0x00, 0x00, 0x00, 0x00, 0x90, 0xFF, 0xFF, 0xFF, 0xFD,
0xFF, 0xFF, 0xFA, 0x43, 0x00, 0x00, 0x00, 0x00, 0x00, 0x00, 0x00, 0x00, 0x00, 0x7C, 0xFF, 0xFF,
0xFE, 0x92, 0x1B, 0xCB, 0xFF, 0xFF, 0xF0, 0x2A, 0x00, 0x00, 0x00, 0x0B, 0xAD, 0xDD, 0x3D, 0x2F,
0xFC, 0xFF, 0xFC, 0x51, 0x00, 0x00, 0x18, 0xE0, 0xFF, 0xFF, 0xDF, 0x17, 0x00, 0x00, 0x9B, 0xFF,
0xFF, 0x86, 0xA2, 0xFF, 0xFF, 0x89, 0x00, 0x00, 0x00, 0x00, 0x2B, 0xF1, 0xFF, 0xFF, 0xC9, 0x09,
0x46, 0xFF, 0xFF, 0xFF, 0x4D, 0xDE, 0xFF, 0xFF, 0x20, 0x00, 0x00, 0x00, 0x00, 0x00, 0x45, 0xFB,
0xFF, 0xFF, 0xB2, 0xE3, 0xFF, 0xFF, 0xBE, 0x00, 0xF8, 0xFF, 0xFF, 0x07, 0x00, 0x00, 0x00, 0x00,
0x00, 0x00, 0x64, 0xFF, 0xFF, 0xFF, 0xFF, 0xFF, 0xE9, 0x1A, 0x00, 0xE9, 0xFF, 0xFF, 0x37, 0x00,
0x00, 0x00, 0x00, 0x00, 0x00, 0x00, 0x89, 0xFF, 0xFF, 0xFF, 0xFF, 0x46, 0x00, 0x00, 0xB2, 0xFF,
0xFF, 0xC0, 0x05, 0x00, 0x00, 0x00, 0x00, 0x00, 0x14, 0xC0, 0xFF, 0xFF, 0xFF, 0xFF, 0x83, 0x00,
0x00, 0x49, 0xFF, 0xFF, 0xFF, 0xC7, 0x47, 0x0C, 0x07, 0x29, 0x79, 0xEB, 0xFF, 0xFF, 0xFF, 0xFF,
0xFF, 0xFF, 0x5D, 0x00, 0x00, 0x9D, 0xFF, 0xFF, 0xFF, 0xFF, 0xFF, 0xFF, 0xFF, 0xFF, 0xFF, 0xFF,
0xF9, 0x5B, 0xB6, 0xFF, 0xFF, 0xF9, 0x3D, 0x00, 0x04, 0x8F, 0xFF, 0xFF, 0xFF, 0xFF, 0xFF, 0xFF,
0xFF, 0xFF, 0xD5, 0x33, 0x00, 0x0D, 0xD1, 0xFF, 0xFF, 0xC7, 0x00, 0x00, 0x00, 0x30, 0x99, 0xD8,
0xF5, 0xF7, 0xE1, 0xAA, 0x55, 0x03, 0x00, 0x00, 0x00, 0x1D, 0xE7, 0xFF, 0xD9, 0x00, 0x00, 0x00,
0x00, 0x00, 0x00, 0x00, 0x00, 0x00, 0x00, 0x00, 0x00, 0x00, 0x00, 0x00, 0x00, 0x56, 0xF3, 0x78,
0x00, 0x00, 0x34, 0xDE, 0xE6, 0x2A, 0x00, 0x00, 0xC2, 0xFF, 0xFF, 0x6E, 0x00, 0x43, 0xFF, 0xFF,
0xF9, 0x1D, 0x00, 0xC3, 0xFF, 0xFF, 0x97, 0x00, 0x43, 0xFF, 0xFF, 0xFA, 0x1E, 0x00, 0x9D, 0xFF,
0xFF, 0x9A, 0x00, 0x00, 0x4B, 0xF1, 0xCD, 0x1B, 0x00, 0x00, 0x00, 0x00, 0x6F, 0xF2, 0xA4, 0x00,
0x00, 0x0B, 0xF3, 0xFF, 0xF5, 0x01, 0x00, 0x58, 0xFF, 0xFF, 0xB1, 0x00, 0x00, 0xA6, 0xFF, 0xFF,
0x63, 0x00, 0x00, 0xE7, 0xFF, 0xFF, 0x1F, 0x00, 0x29, 0xFF, 0xFF, 0xE2, 0x00, 0x00, 0x5E, 0xFF,
0xFF, 0xA7, 0x00, 0x00, 0x89, 0xFF, 0xFF, 0x75, 0x00, 0x00, 0xB1, 0xFF, 0xFF, 0x4C, 0x00, 0x00,
0xCE, 0xFF, 0xFF, 0x2D, 0x00, 0x00, 0xE7, 0xFF, 0xFF, 0x1D, 0x00, 0x00, 0xFA, 0xFF, 0xFF, 0x0E,
0x00, 0x00, 0xFD, 0xFF, 0xFF, 0x03, 0x00, 0x00, 0xF2, 0xFF, 0xFF, 0x0F, 0x00, 0x00, 0xE5, 0xFF,
0xFF, 0x1E, 0x00, 0x00, 0xD0, 0xFF, 0xFF, 0x30, 0x00, 0x00, 0xAC, 0xFF, 0xFF, 0x55, 0x00, 0x00,
0x87, 0xFF, 0xFF, 0x80, 0x00, 0x00, 0x5E, 0xFF, 0xFF, 0xAA, 0x00, 0x00, 0x2A, 0xFF, 0xFF, 0xE2,
0x00, 0x00, 0x02, 0xEE, 0xFF, 0xFF, 0x20, 0x00, 0x00, 0xB0, 0xFF, 0xFF, 0x60, 0x00, 0x00, 0x65,
0xFF, 0xFF, 0xB0, 0x00, 0x00, 0x11, 0xF3, 0xFF, 0xF6, 0x01, 0x00, 0x00, 0x5F, 0xF2, 0x9F, 0x00,
0x37, 0xE9, 0x9F, 0x00, 0x00, 0x74, 0xFF, 0xFF, 0x37, 0x00, 0x45, 0xFF, 0xFF, 0x8C, 0x00, 0x10,
0xFE, 0xFF, 0xD0, 0x00, 0x00, 0xDC, 0xFF, 0xFD, 0x0C, 0x00, 0xAA, 0xFF, 0xFF, 0x3C, 0x00, 0x7F,
0xFF, 0xFF, 0x6A, 0x00, 0x61, 0xFF, 0xFF, 0x90, 0x00, 0x43, 0xFF, 0xFF, 0xB4, 0x00, 0x28, 0xFF,
0xFF, 0xD5, 0x00, 0x1A, 0xFF, 0xFF, 0xE7, 0x00, 0x0D, 0xFF, 0xFF, 0xF4, 0x00, 0x03, 0xFF, 0xFF,
0xFB, 0x00, 0x0F, 0xFF, 0xFF, 0xEE, 0x00, 0x1E, 0xFF, 0xFF, 0xDF, 0x00, 0x2D, 0xFF, 0xFF, 0xD0,
0x00, 0x3C, 0xFF, 0xFF, 0xB6, 0x00, 0x5F, 0xFF, 0xFF, 0x93, 0x00, 0x8A, 0xFF, 0xFF, 0x69, 0x00,
0xB6, 0xFF, 0xFF, 0x3E, 0x00, 0xE1, 0xFF, 0xF9, 0x0A, 0x11, 0xFF, 0xFF, 0xC2, 0x00, 0x46, 0xFF,
0xFF, 0x7C, 0x00, 0x75, 0xFF, 0xFF, 0x30, 0x00, 0x34, 0xE9, 0xB0, 0x00, 0x00, 0x00, 0x00, 0x00,
0x00, 0x9E, 0xF5, 0x97, 0x00, 0x00, 0x00, 0x00, 0x00, 0x00, 0x00, 0x00, 0xF2, 0xFF, 0xF1, 0x00,
0x00, 0x00, 0x00, 0xA0, 0xE3, 0x6C, 0x00, 0xCD, 0xFF, 0xC9, 0x01, 0x72, 0xE5, 0xA7, 0xED, 0xFF,
0xFF, 0xB2, 0xBA, 0xFF, 0xB6, 0xB7, 0xFF, 0xFF, 0xE5, 0x3E, 0xBC, 0xFF, 0xFF, 0xFF, 0xFF, 0xFF,
0xFF, 0xE2, 0x91, 0x27, 0x00, 0x0C, 0x93, 0xFF, 0xFF, 0xFF, 0xFF, 0xAE, 0x26, 0x00, 0x00, 0x70,
0xF0, 0xFF, 0xFF, 0xFC, 0xFF, 0xFB, 0xFF, 0xFF, 0xD3, 0x56, 0xF2, 0xFF, 0xF9, 0x77, 0xB9, 0xFF,
0xAF, 0x7C, 0xFA, 0xFF, 0xEC, 0x6F, 0x9F, 0x31, 0x00, 0xD9, 0xFF, 0xD3, 0x00, 0x32, 0x9F, 0x62,
0x00, 0x00, 0x00, 0x00, 0xF7, 0xFF, 0xF4, 0x00, 0x00, 0x00, 0x00, 0x00, 0x00, 0x00, 0x00, 0xA6,
0xF6, 0x92, 0x00, 0x00, 0x00, 0x00, 0x00, 0x00, 0x00, 0x00, 0x00, 0x00, 0x9B, 0xF6, 0x99, 0x00,
0x00, 0x00, 0x00, 0x00, 0x00, 0x00, 0x00, 0x00, 0x00, 0x00, 0x00, 0xFE, 0xFF, 0xFE, 0x00, 0x00,
0x00, 0x00, 0x00, 0x00, 0x00, 0x00, 0x00, 0x00, 0x00, 0x00, 0xFF, 0xFF, 0xFF, 0x00, 0x00, 0x00,
0x00, 0x00, 0x00, 0x00, 0x00, 0x00, 0x00, 0x00, 0x00, 0xFF, 0xFF, 0xFF, 0x00, 0x00, 0x00, 0x00,
0x00, 0x00, 0x00, 0x00, 0x00, 0x00, 0x00, 0x00, 0xFF, 0xFF, 0xFF, 0x00, 0x00, 0x00, 0x00, 0x00,
0x00, 0x00, 0x00, 0x00, 0x00, 0x00, 0x00, 0xFF, 0xFF, 0xFF, 0x00, 0x00, 0x00, 0x00, 0x00, 0x00,
0xB9, 0xFE, 0xFF, 0xFF, 0xFF, 0xFF, 0xFF, 0xFF, 0xFF, 0xFF, 0xFF, 0xFF, 0xFF, 0xFE, 0xB7, 0xBB,
0xFF, 0xFF, 0xFF, 0xFF, 0xFF, 0xFF, 0xFF, 0xFF, 0xFF, 0xFF, 0xFF, 0xFF, 0xFE, 0xBA, 0x00, 0x00,
0x00, 0x00, 0x00, 0x00, 0xFF, 0xFF, 0xFF, 0x00, 0x00, 0x00, 0x00, 0x00, 0x00, 0x00, 0x00, 0x00,
0x00, 0x00, 0x00, 0xFF, 0xFF, 0xFF, 0x00, 0x00, 0x00, 0x00, 0x00, 0x00, 0x00, 0x00, 0x00, 0x00,
0x00, 0x00, 0xFF, 0xFF, 0xFF, 0x00, 0x00, 0x00, 0x00, 0x00, 0x00, 0x00, 0x00, 0x00, 0x00, 0x00,
0x00, 0xFF, 0xFF, 0xFF, 0x00, 0x00, 0x00, 0x00, 0x00, 0x00, 0x00, 0x00, 0x00, 0x00, 0x00, 0x00,
0xFE, 0xFF, 0xFE, 0x00, 0x00, 0x00, 0x00, 0x00, 0x00, 0x00, 0x00, 0x00, 0x00, 0x00, 0x00, 0x98,
0xF6, 0x9D, 0x00, 0x00, 0x00, 0x00, 0x00, 0x00, 0x00, 0x00, 0x00, 0x9C, 0xF3, 0x8C, 0x00, 0x00,
0x44, 0xFF, 0xFF, 0xED, 0x00, 0x00, 0xC1, 0xFF, 0xFF, 0x97, 0x00, 0x40, 0xFF, 0xFF, 0xFA, 0x1F,
0x00, 0xBD, 0xFF, 0xFF, 0x9C, 0x00, 0x18, 0xFF, 0xFF, 0xFC, 0x23, 0x00, 0x02, 0xBF, 0xF0, 0x7D,
0x00, 0x00, 0x79, 0xFB, 0xFF, 0xFF, 0xFF, 0xFF, 0xFF, 0xFF, 0xB8, 0x02, 0xD2, 0xFF, 0xFF, 0xFF,
0xFF, 0xFF, 0xFF, 0xFF, 0xFF, 0x21, 0x70, 0xFA, 0xFF, 0xFF, 0xFF, 0xFF, 0xFF, 0xFF, 0xB8, 0x02,
0x89, 0xF3, 0x81, 0xF4, 0xFF, 0xF3, 0x84, 0xF3, 0x88, 0x00, 0x00, 0x00, 0x00, 0x00, 0x00, 0x00,
0x00, 0x65, 0xF7, 0xF1, 0x61, 0x00, 0x00, 0x00, 0x00, 0x00, 0x00, 0x00, 0x00, 0xCF, 0xFF, 0xFF,
0x6A, 0x00, 0x00, 0x00, 0x00, 0x00, 0x00, 0x00, 0x35, 0xFF, 0xFF, 0xF6, 0x10, 0x00, 0x00, 0x00,
0x00, 0x00, 0x00, 0x00, 0x99, 0xFF, 0xFF, 0xA1, 0x00, 0x00, 0x00, 0x00, 0x00, 0x00, 0x00, 0x0B,
0xF2, 0xFF, 0xFF, 0x3D, 0x00, 0x00, 0x00, 0x00, 0x00, 0x00, 0x00, 0x62, 0xFF, 0xFF, 0xD8, 0x00,
0x00, 0x00, 0x00, 0x00, 0x00, 0x00, 0x00, 0xC7, 0xFF, 0xFF, 0x73, 0x00, 0x00, 0x00, 0x00, 0x00,
0x00, 0x00, 0x2B, 0xFF, 0xFF, 0xF9, 0x15, 0x00, 0x00, 0x00, 0x00, 0x00, 0x00, 0x00, 0x90, 0xFF,
0xFF, 0xAA, 0x00, 0x00, 0x00, 0x00, 0x00, 0x00, 0x00, 0x07, 0xED, 0xFF, 0xFF, 0x45, 0x00, 0x00,
0x00, 0x00, 0x00, 0x00, 0x00, 0x59, 0xFF, 0xFF, 0xDE, 0x01, 0x00, 0x00, 0x00, 0x00, 0x00, 0x00,
0x00, 0xBE, 0xFF, 0xFF, 0x7B, 0x00, 0x00, 0x00, 0x00, 0x00, 0x00, 0x00, 0x23, 0xFE, 0xFF, 0xFC,
0x1A, 0x00, 0x00, 0x00, 0x00, 0x00, 0x00, 0x00, 0x87, 0xFF, 0xFF, 0xB2, 0x00, 0x00, 0x00, 0x00,
0x00, 0x00, 0x00, 0x04, 0xE7, 0xFF, 0xFF, 0x4D, 0x00, 0x00, 0x00, 0x00, 0x00, 0x00, 0x00, 0x50,
0xFF, 0xFF, 0xE5, 0x03, 0x00, 0x00, 0x00, 0x00, 0x00, 0x00, 0x00, 0xB5, 0xFF, 0xFF, 0x84, 0x00,
0x00, 0x00, 0x00, 0x00, 0x00, 0x00, 0x1C, 0xFD, 0xFF, 0xFE, 0x21, 0x00, 0x00, 0x00, 0x00, 0x00,
0x00, 0x00, 0x7E, 0xFF, 0xFF, 0xBA, 0x00, 0x00, 0x00, 0x00, 0x00, 0x00, 0x00, 0x02, 0xE0, 0xFF,
0xFF, 0x55, 0x00, 0x00, 0x00, 0x00, 0x00, 0x00, 0x00, 0x47, 0xFF, 0xFF, 0xEA, 0x06, 0x00, 0x00,
0x00, 0x00, 0x00, 0x00, 0x00, 0x77, 0xFF, 0xFF, 0x8C, 0x00, 0x00, 0x00, 0x00, 0x00, 0x00, 0x00,
0x00, 0x22, 0xEA, 0xDC, 0x24, 0x00, 0x00, 0x00, 0x00, 0x00, 0x00, 0x00, 0x00, 0x00, 0x00, 0x00,
0x00, 0x3C, 0xA7, 0xE1, 0xF8, 0xE2, 0xA8, 0x3D, 0x00, 0x00, 0x00, 0x00, 0x00, 0x00, 0x01, 0x8B,
0xFE, 0xFF, 0xFF, 0xFF, 0xFF, 0xFF, 0xFE, 0x8D, 0x01, 0x00, 0x00, 0x00, 0x00, 0x86, 0xFF, 0xFF,
0xFF, 0xFF, 0xFF, 0xFF, 0xFF, 0xFF, 0xFF, 0x89, 0x00, 0x00, 0x00, 0x3B, 0xFF, 0xFF, 0xFF, 0xAE,
0x2F, 0x09, 0x2B, 0xA9, 0xFF, 0xFF, 0xFF, 0x3C, 0x00, 0x00, 0xC6, 0xFF, 0xFF, 0xA9, 0x01, 0x00,
0x00, 0x00, 0x00, 0xA5, 0xFF, 0xFF, 0xC7, 0x00, 0x28, 0xFF, 0xFF, 0xF6, 0x14, 0x00, 0x00, 0x00,
0x00, 0x00, 0x13, 0xF5, 0xFF, 0xFF, 0x28, 0x79, 0xFF, 0xFF, 0xA1, 0x00, 0x00, 0x00, 0x00, 0x00,
0x00, 0x00, 0xA1, 0xFF, 0xFF, 0x7A, 0xAC, 0xFF, 0xFF, 0x5B, 0x00, 0x00, 0x00, 0x00, 0x00, 0x00,
0x00, 0x5B, 0xFF, 0xFF, 0xAC, 0xD8, 0xFF, 0xFF, 0x2E, 0x00, 0x00, 0x00, 0x00, 0x00, 0x00, 0x00,
0x30, 0xFF, 0xFF, 0xD7, 0xEC, 0xFF, 0xFF, 0x11, 0x00, 0x00, 0x00, 0x00, 0x00, 0x00, 0x00, 0x12,
0xFF, 0xFF, 0xEA, 0xF9, 0xFF, 0xFF, 0x05, 0x00, 0x00, 0x00, 0x00, 0x00, 0x00, 0x00, 0x06, 0xFF,
0xFF, 0xF8, 0xFA, 0xFF, 0xFF, 0x04, 0x00, 0x00, 0x00, 0x00, 0x00, 0x00, 0x00, 0x05, 0xFF, 0xFF,
0xF9, 0xED, 0xFF, 0xFF, 0x0F, 0x00, 0x00, 0x00, 0x00, 0x00, 0x00, 0x00, 0x10, 0xFF, 0xFF, 0xED,
0xDB, 0xFF, 0xFF, 0x2B, 0x00, 0x00, 0x00, 0x00, 0x00, 0x00, 0x00, 0x2D, 0xFF, 0xFF, 0xDC, 0xB2,
0xFF, 0xFF, 0x56, 0x00, 0x00, 0x00, 0x00, 0x00, 0x00, 0x00, 0x59, 0xFF, 0xFF, 0xB3, 0x82, 0xFF,
0xFF, 0x9B, 0x00, 0x00, 0x00, 0x00, 0x00, 0x00, 0x00, 0x9F, 0xFF, 0xFF, 0x83, 0x34, 0xFF, 0xFF,
0xF2, 0x0F, 0x00, 0x00, 0x00, 0x00, 0x00, 0x13, 0xF5, 0xFF, 0xFF, 0x31, 0x00, 0xC5, 0xFF, 0xFF,
0x9C, 0x00, 0x00, 0x00, 0x00, 0x00, 0xA6, 0xFF, 0xFF, 0xCB, 0x00, 0x00, 0x3B, 0xFE, 0xFF, 0xFF,
0xA1, 0x28, 0x08, 0x2E, 0xAC, 0xFF, 0xFF, 0xFF, 0x3E, 0x00, 0x00, 0x00, 0x93, 0xFF, 0xFF, 0xFF,
0xFF, 0xFF, 0xFF, 0xFF, 0xFF, 0xFF, 0x83, 0x00, 0x00, 0x00, 0x00, 0x04, 0xAD, 0xFF, 0xFF, 0xFF,
0xFF, 0xFF, 0xFF, 0xFD, 0x86, 0x01, 0x00, 0x00, 0x00, 0x00, 0x00, 0x00, 0x56, 0xB6, 0xE9, 0xF9,
0xE1, 0xA4, 0x37, 0x00, 0x00, 0x00, 0x00, 0x5A, 0xF4, 0xFF, 0xFF, 0xFF, 0xFA, 0x84, 0xC4, 0xFF,
0xFF, 0xFF, 0xFF, 0xFF, 0xF7, 0x65, 0xF6, 0xFF, 0xFF, 0xFF, 0xFF, 0xFF, 0x00, 0x00, 0x00, 0x00,
0xFF, 0xFF, 0xFF, 0x00, 0x00, 0x00, 0x00, 0xFF, 0xFF, 0xFF, 0x00, 0x00, 0x00, 0x00, 0xFF, 0xFF,
0xFF, 0x00, 0x00, 0x00, 0x00, 0xFF, 0xFF, 0xFF, 0x00, 0x00, 0x00, 0x00, 0xFF, 0xFF, 0xFF, 0x00,
0x00, 0x00, 0x00, 0xFF, 0xFF, 0xFF, 0x00, 0x00, 0x00, 0x00, 0xFF, 0xFF, 0xFF, 0x00, 0x00, 0x00,
0x00, 0xFF, 0xFF, 0xFF, 0x00, 0x00, 0x00, 0x00, 0xFF, 0xFF, 0xFF, 0x00, 0x00, 0x00, 0x00, 0xFF,
0xFF, 0xFF, 0x00, 0x00, 0x00, 0x00, 0xFF, 0xFF, 0xFF, 0x00, 0x00, 0x00, 0x00, 0xFF, 0xFF, 0xFF,
0x00, 0x00, 0x00, 0x00, 0xFF, 0xFF, 0xFF, 0x00, 0x00, 0x00, 0x00, 0xFF, 0xFF, 0xFF, 0x00, 0x00,
0x00, 0x00, 0xFF, 0xFF, 0xFF, 0x00, 0x00, 0x00, 0x00, 0xFF, 0xFF, 0xFF, 0x00, 0x00, 0x00, 0x00,
0xFF, 0xFF, 0xFF, 0x00, 0x00, 0x00, 0x00, 0xF6, 0xFF, 0xF6, 0x00, 0x00, 0x00, 0x00, 0x7F, 0xF3,
0x80, 0x00, 0x00, 0x00, 0x00, 0x4B, 0xAC, 0xE4, 0xF9, 0xED, 0xBE, 0x66, 0x06, 0x00, 0x00, 0x00,
0x00, 0x00, 0x10, 0xB4, 0xFF, 0xFF, 0xFF, 0xFF, 0xFF, 0xFF, 0xFF, 0xCF, 0x1F, 0x00, 0x00, 0x00,
0x09, 0xC8, 0xFF, 0xFF, 0xFF, 0xFF, 0xFF, 0xFF, 0xFF, 0xFF, 0xFF, 0xDC, 0x0E, 0x00, 0x00, 0x86,
0xFF, 0xFF, 0xFF, 0xC9, 0x42, 0x0F, 0x1D, 0x79, 0xF9, 0xFF, 0xFF, 0x85, 0x00, 0x08, 0xF3, 0xFF,
0xFF, 0xD0, 0x09, 0x00, 0x00, 0x00, 0x00, 0x6E, 0xFF, 0xFF, 0xD9, 0x00, 0x40, 0xFF, 0xFF, 0xFF,
0x4D, 0x00, 0x00, 0x00, 0x00, 0x00, 0x13, 0xFF, 0xFF, 0xF7, 0x00, 0x58, 0xFF, 0xFF, 0xF1, 0x05,
0x00, 0x00, 0x00, 0x00, 0x00, 0x1F, 0xFF, 0xFF, 0xE1, 0x00, 0x39, 0xFF, 0xFF, 0xAC, 0x00, 0x00,
0x00, 0x00, 0x00, 0x00, 0x82, 0xFF, 0xFF, 0x98, 0x00, 0x00, 0x59, 0x7E, 0x19, 0x00, 0x00, 0x00,
0x00, 0x00, 0x24, 0xF6, 0xFF, 0xFB, 0x2A, 0x00, 0x00, 0x00, 0x00, 0x00, 0x00, 0x00, 0x00, 0x00,
0x04, 0xC7, 0xFF, 0xFF, 0x8B, 0x00, 0x00, 0x00, 0x00, 0x00, 0x00, 0x00, 0x00, 0x00, 0x00, 0x97,
0xFF, 0xFF, 0xC3, 0x06, 0x00, 0x00, 0x00, 0x00, 0x00, 0x00, 0x00, 0x00, 0x00, 0x7B, 0xFF, 0xFF,
0xE6, 0x17, 0x00, 0x00, 0x00, 0x00, 0x00, 0x00, 0x00, 0x00, 0x00, 0x62, 0xFF, 0xFF, 0xFC, 0x40,
0x00, 0x00, 0x00, 0x00, 0x00, 0x00, 0x00, 0x00, 0x00, 0x4B, 0xFC, 0xFF, 0xFF, 0x7A, 0x00, 0x00,
0x00, 0x00, 0x00, 0x00, 0x00, 0x00, 0x00, 0x22, 0xF0, 0xFF, 0xFF, 0xB7, 0x01, 0x00, 0x00, 0x00,
0x00, 0x00, 0x00, 0x00, 0x00, 0x07, 0xCC, 0xFF, 0xFF, 0xE3, 0x14, 0x00, 0x00, 0x00, 0x00, 0x00,
0x00, 0x00, 0x00, 0x00, 0x95, 0xFF, 0xFF, 0xFB, 0x3A, 0x00, 0x00, 0x00, 0x00, 0x00, 0x00, 0x00,
0x00, 0x00, 0x56, 0xFF, 0xFF, 0xFF, 0x79, 0x00, 0x00, 0x00, 0x00, 0x00, 0x00, 0x00, 0x00, 0x00,
0x25, 0xF2, 0xFF, 0xFF, 0xBE, 0x02, 0x00, 0x00, 0x00, 0x00, 0x00, 0x00, 0x00, 0x00, 0x03, 0xCC,
0xFF, 0xFF, 0xFF, 0xFF, 0xFF, 0xFF, 0xFF, 0xFF, 0xFF, 0xFF, 0xFC, 0xAD, 0x02, 0x34, 0xFF, 0xFF,
0xFF, 0xFF, 0xFF, 0xFF, 0xFF, 0xFF, 0xFF, 0xFF, 0xFF, 0xFF, 0xFF, 0x23, 0x08, 0xB6, 0xFA, 0xFF,
0xFF, 0xFF, 0xFF, 0xFF, 0xFF, 0xFF, 0xFF, 0xFF, 0xFD, 0xB0, 0x02, 0x00, 0x00, 0x00, 0x29, 0xA0,
0xE4, 0xFA, 0xE5, 0xA1, 0x27, 0x00, 0x00, 0x00, 0x00, 0x00, 0x00, 0x60, 0xF9, 0xFF, 0xFF, 0xFF,
0xFF, 0xFF, 0xF6, 0x4F, 0x00, 0x00, 0x00, 0x00, 0x48, 0xFD, 0xFF, 0xFF, 0xFF, 0xFF, 0xFF, 0xFF,
0xFF, 0xF6, 0x27, 0x00, 0x00, 0x00, 0xD5, 0xFF, 0xFF, 0xD2, 0x36, 0x0C, 0x50, 0xEC, 0xFF, 0xFF,
0x9F, 0x00, 0x00, 0x1C, 0xFF, 0xFF, 0xF7, 0x1D, 0x00, 0x00, 0x00, 0x5D, 0xFF, 0xFF, 0xE3, 0x00,
0x00, 0x20, 0xFF, 0xFF, 0x9C, 0x00, 0x00, 0x00, 0x00, 0x13, 0xFF, 0xFF, 0xFA, 0x00, 0x00, 0x00,
0x87, 0xC0, 0x20, 0x00, 0x00, 0x00, 0x00, 0x12, 0xFF, 0xFF, 0xED, 0x00, 0x00, 0x00, 0x00, 0x00,
0x00, 0x00, 0x00, 0x00, 0x00, 0x59, 0xFF, 0xFF, 0xB6, 0x00, 0x00, 0x00, 0x00, 0x00, 0x00, 0x00,
0x00, 0x00, 0x37, 0xE7, 0xFF, 0xFF, 0x50, 0x00, 0x00, 0x00, 0x00, 0x00, 0x00, 0x00, 0x66, 0xD7,
0xFF, 0xFF, 0xFF, 0x9B, 0x00, 0x00, 0x00, 0x00, 0x00, 0x00, 0x00, 0x00, 0xEF, 0xFF, 0xFF, 0xFF,
0xFF, 0x9D, 0x1D, 0x00, 0x00, 0x00, 0x00, 0x00, 0x00, 0x00, 0xAA, 0xFF, 0xFF, 0xFF, 0xFF, 0xFF,
0xF2, 0x46, 0x00, 0x00, 0x00, 0x00, 0x00, 0x00, 0x00, 0x18, 0x3C, 0x73, 0xE3, 0xFF, 0xFF, 0xF2,
0x21, 0x00, 0x00, 0x00, 0x00, 0x00, 0x00, 0x00, 0x00, 0x00, 0x0A, 0xBE, 0xFF, 0xFF, 0x98, 0x00,
0x00, 0x00, 0x00, 0x00, 0x00, 0x00, 0x00, 0x00, 0x00, 0x2F, 0xFF, 0xFF, 0xE2, 0x18, 0x6D, 0x32,
0x00, 0x00, 0x00, 0x00, 0x00, 0x00, 0x00, 0x06, 0xFF, 0xFF, 0xF8, 0xD5, 0xFF, 0xF6, 0x2D, 0x00,
0x00, 0x00, 0x00, 0x00, 0x00, 0x28, 0xFF, 0xFF, 0xE1, 0xE5, 0xFF, 0xFF, 0xCC, 0x08, 0x00, 0x00,
0x00, 0x00, 0x01, 0xAC, 0xFF, 0xFF, 0x9C, 0x7D, 0xFF, 0xFF, 0xFF, 0xCF, 0x4A, 0x16, 0x11, 0x42,
0xC2, 0xFF, 0xFF, 0xFB, 0x2A, 0x05, 0xC3, 0xFF, 0xFF, 0xFF, 0xFF, 0xFF, 0xFF, 0xFF, 0xFF, 0xFF,
0xFF, 0x6B, 0x00, 0x00, 0x0D, 0xC1, 0xFF, 0xFF, 0xFF, 0xFF, 0xFF, 0xFF, 0xFF, 0xF4, 0x5F, 0x00,
0x00, 0x00, 0x00, 0x04, 0x68, 0xC0, 0xEC, 0xFB, 0xF0, 0xCB, 0x81, 0x17, 0x00, 0x00, 0x00, 0x00,
0x00, 0x00, 0x00, 0x00, 0x00, 0x00, 0x00, 0x48, 0xDA, 0xF0, 0xA1, 0x0A, 0x00, 0x00, 0x00, 0x00,
0x00, 0x00, 0x00, 0x00, 0x00, 0x00, 0x20, 0xF4, 0xFF, 0xFF, 0xFF, 0x89, 0x00, 0x00, 0x00, 0x00,
0x00, 0x00, 0x00, 0x00, 0x00, 0x00, 0xB0, 0xFF, 0xFF, 0xFF, 0xFF, 0xDF, 0x00, 0x00, 0x00, 0x00,
0x00, 0x00, 0x00, 0x00, 0x00, 0x46, 0xFF, 0xFF, 0xFA, 0xFF, 0xFF, 0xFC, 0x00, 0x00, 0x00, 0x00,
0x00, 0x00, 0x00, 0x00, 0x05, 0xD8, 0xFF, 0xFF, 0x8A, 0xFF, 0xFF, 0xFF, 0x00, 0x00, 0x00, 0x00,
0x00, 0x00, 0x00, 0x00, 0x77, 0xFF, 0xFF, 0xE7, 0x0D, 0xFF, 0xFF, 0xFF, 0x00, 0x00, 0x00, 0x00,
0x00, 0x00, 0x00, 0x1A, 0xF3, 0xFF, 0xFF, 0x60, 0x00, 0xFF, 0xFF, 0xFF, 0x00, 0x00, 0x00, 0x00,
0x00, 0x00, 0x00, 0xA6, 0xFF, 0xFF, 0xC9, 0x01, 0x00, 0xFF, 0xFF, 0xFF, 0x00, 0x00, 0x00, 0x00,
0x00, 0x00, 0x3D, 0xFF, 0xFF, 0xFE, 0x37, 0x00, 0x00, 0xFF, 0xFF, 0xFF, 0x00, 0x00, 0x00, 0x00,
0x00, 0x03, 0xD1, 0xFF, 0xFF, 0x9F, 0x00, 0x00, 0x00, 0xFF, 0xFF, 0xFF, 0x00, 0x00, 0x00, 0x00,
0x00, 0x6D, 0xFF, 0xFF, 0xF2, 0x18, 0x00, 0x00, 0x00, 0xFF, 0xFF, 0xFF, 0x00, 0x00, 0x00, 0x00,
0x14, 0xEF, 0xFF, 0xFF, 0x75, 0x00, 0x00, 0x00, 0x00, 0xFF, 0xFF, 0xFF, 0x00, 0x00, 0x00, 0x00,
0x9C, 0xFF, 0xFF, 0xD9, 0x06, 0x00, 0x00, 0x00, 0x00, 0xFF, 0xFF, 0xFF, 0x00, 0x00, 0x00, 0x35,
0xFE, 0xFF, 0xFF, 0x4A, 0x00, 0x00, 0x00, 0x00, 0x00, 0xFF, 0xFF, 0xFF, 0x00, 0x00, 0x00, 0xBC,
0xFF, 0xFF, 0xFF, 0xFF, 0xFF, 0xFF, 0xFF, 0xFF, 0xFF, 0xFF, 0xFF, 0xFF, 0xFF, 0xC9, 0x0D, 0xF3,
0xFF, 0xFF, 0xFF, 0xFF, 0xFF, 0xFF, 0xFF, 0xFF, 0xFF, 0xFF, 0xFF, 0xFF, 0xFF, 0xFF, 0x47, 0x85,
0xFA, 0xFF, 0xFF, 0xFF, 0xFF, 0xFF, 0xFF, 0xFF, 0xFF, 0xFF, 0xFF, 0xFF, 0xFE, 0xC6, 0x0D, 0x00,
0x00, 0x00, 0x00, 0x00, 0x00, 0x00, 0x00, 0x00, 0x00, 0xFF, 0xFF, 0xDD, 0x00, 0x00, 0x00, 0x00,
0x00, 0x00, 0x00, 0x00, 0x00, 0x00, 0x00, 0x00, 0x00, 0xFF, 0xFF, 0xE8, 0x00, 0x00, 0x00, 0x00,
0x00, 0x00, 0x00, 0x00, 0x00, 0x00, 0x00, 0x00, 0x00, 0xFF, 0xFF, 0xF3, 0x00, 0x00, 0x00, 0x00,
0x00, 0x00, 0x00, 0x00, 0x00, 0x00, 0x00, 0x00, 0x00, 0xFB, 0xFF, 0xF8, 0x00, 0x00, 0x00, 0x00,
0x00, 0x00, 0x00, 0x00, 0x00, 0x00, 0x00, 0x00, 0x00, 0x8C, 0xF4, 0x8D, 0x00, 0x00, 0x00, 0x00,
0x00, 0x00, 0x27, 0xDD, 0xFF, 0xFF, 0xFF, 0xFF, 0xFF, 0xFF, 0xFF, 0xE6, 0x3A, 0x00, 0x00, 0x00,
0x86, 0xFF, 0xFF, 0xFF, 0xFF, 0xFF, 0xFF, 0xFF, 0xFF, 0xFF, 0x97, 0x00, 0x00, 0x00, 0xB4, 0xFF,
0xFF, 0xFF, 0xFF, 0xFF, 0xFF, 0xFF, 0xFF, 0xE7, 0x3B, 0x00, 0x00, 0x00, 0xD8, 0xFF, 0xFF, 0x31,
0x00, 0x00, 0x00, 0x00, 0x00, 0x00, 0x00, 0x00, 0x00, 0x02, 0xF9, 0xFF, 0xFF, 0x0E, 0x00, 0x00,
0x00, 0x00, 0x00, 0x00, 0x00, 0x00, 0x00, 0x20, 0xFF, 0xFF, 0xEA, 0x00, 0x00, 0x00, 0x00, 0x00,
0x00, 0x00, 0x00, 0x00, 0x00, 0x44, 0xFF, 0xFF, 0xC6, 0x00, 0x00, 0x00, 0x00, 0x00, 0x00, 0x00,
0x00, 0x00, 0x00, 0x68, 0xFF, 0xFF, 0xA3, 0x00, 0x00, 0x00, 0x00, 0x00, 0x00, 0x00, 0x00, 0x00,
0x00, 0x8C, 0xFF, 0xFF, 0xDA, 0xDA, 0xF8, 0xF1, 0xC8, 0x6F, 0x06, 0x00, 0x00, 0x00, 0x00, 0xAE,
0xFF, 0xFF, 0xFF, 0xFF, 0xFF, 0xFF, 0xFF, 0xFF, 0xCD, 0x18, 0x00, 0x00, 0x00, 0xBD, 0xFF, 0xFF,
0xFF, 0xFF, 0xFF, 0xFF, 0xFF, 0xFF, 0xFF, 0xC7, 0x04, 0x00, 0x00, 0x25, 0x91, 0x73, 0x34, 0x08,
0x07, 0x34, 0xB1, 0xFF, 0xFF, 0xFF, 0x60, 0x00, 0x00, 0x00, 0x00, 0x00, 0x00, 0x00, 0x00, 0x00,
0x00, 0xAD, 0xFF, 0xFF, 0xBA, 0x00, 0x00, 0x00, 0x00, 0x00, 0x00, 0x00, 0x00, 0x00, 0x00, 0x2E,
0xFF, 0xFF, 0xEB, 0x00, 0x00, 0x00, 0x00, 0x00, 0x00, 0x00, 0x00, 0x00, 0x00, 0x06, 0xFF, 0xFF,
0xFA, 0x00, 0x00, 0x00, 0x00, 0x00, 0x00, 0x00, 0x00, 0x00, 0x00, 0x15, 0xFF, 0xFF, 0xE9, 0x00,
0x00, 0x00, 0x00, 0x00, 0x00, 0x00, 0x00, 0x00, 0x00, 0x5C, 0xFF, 0xFF, 0xBE, 0x47, 0xEB, 0xC9,
0x3D, 0x00, 0x00, 0x00, 0x00, 0x00, 0x13, 0xDF, 0xFF, 0xFF, 0x71, 0xA6, 0xFF, 0xFF, 0xFF, 0xAB,
0x40, 0x0A, 0x0E, 0x51, 0xDA, 0xFF, 0xFF, 0xE9, 0x0C, 0x44, 0xFA, 0xFF, 0xFF, 0xFF, 0xFF, 0xFF,
0xFF, 0xFF, 0xFF, 0xFF, 0xFC, 0x45, 0x00, 0x00, 0x41, 0xE0, 0xFF, 0xFF, 0xFF, 0xFF, 0xFF, 0xFF,
0xFF, 0xEF, 0x4A, 0x00, 0x00, 0x00, 0x00, 0x07, 0x63, 0xB6, 0xE7, 0xFB, 0xF0, 0xCC, 0x80, 0x13,
0x00, 0x00, 0x00, 0x00, 0x00, 0x00, 0x00, 0x00, 0x00, 0x00, 0x64, 0xEA, 0xBA, 0x07, 0x00, 0x00,
0x00, 0x00, 0x00, 0x00, 0x00, 0x00, 0x00, 0x75, 0xFF, 0xFF, 0xFF, 0x3A, 0x00, 0x00, 0x00, 0x00,
0x00, 0x00, 0x00, 0x00, 0x63, 0xFF, 0xFF, 0xFF, 0xCB, 0x07, 0x00, 0x00, 0x00, 0x00, 0x00, 0x00,
0x00, 0x41, 0xFB, 0xFF, 0xFF, 0xCF, 0x12, 0x00, 0x00, 0x00, 0x00, 0x00, 0x00, 0x00, 0x1C, 0xEC,
0xFF, 0xFF, 0xDD, 0x15, 0x00, 0x00, 0x00, 0x00, 0x00, 0x00, 0x00, 0x03, 0xC3, 0xFF, 0xFF, 0xEF,
0x27, 0x00, 0x00, 0x00, 0x00, 0x00, 0x00, 0x00, 0x00, 0x6D, 0xFF, 0xFF, 0xFF, 0x5A, 0x00, 0x00,
0x00, 0x00, 0x00, 0x00, 0x00, 0x00, 0x14, 0xEF, 0xFF, 0xFF, 0xB6, 0x00, 0x00, 0x00, 0x00, 0x00,
0x00, 0x00, 0x00, 0x00, 0x7E, 0xFF, 0xFF, 0xFF, 0x9C, 0xC9, 0xF5, 0xEC, 0xB9, 0x55, 0x00, 0x00,
0x00, 0x05, 0xE7, 0xFF, 0xFF, 0xFF, 0xFF, 0xFF, 0xFF, 0xFF, 0xFF, 0xFF, 0xAE, 0x09, 0x00, 0x46,
0xFF, 0xFF, 0xFF, 0xFF, 0xFF, 0xFF, 0xFF, 0xFF, 0xFF, 0xFF, 0xFF, 0xA5, 0x00, 0x8E, 0xFF, 0xFF,
0xFF, 0xBC, 0x3D, 0x09, 0x0B, 0x44, 0xC9, 0xFF, 0xFF, 0xFF, 0x42, 0xCA, 0xFF, 0xFF, 0xBB, 0x02,
0x00, 0x00, 0x00, 0x00, 0x07, 0xCC, 0xFF, 0xFF, 0xA9, 0xE5, 0xFF, 0xFF, 0x3B, 0x00, 0x00, 0x00,
0x00, 0x00, 0x00, 0x4A, 0xFF, 0xFF, 0xE3, 0xFA, 0xFF, 0xFF, 0x09, 0x00, 0x00, 0x00, 0x00, 0x00,
0x00, 0x0F, 0xFF, 0xFF, 0xF9, 0xEE, 0xFF, 0xFF, 0x0A, 0x00, 0x00, 0x00, 0x00, 0x00, 0x00, 0x08,
0xFF, 0xFF, 0xEF, 0xC7, 0xFF, 0xFF, 0x42, 0x00, 0x00, 0x00, 0x00, 0x00, 0x00, 0x3F, 0xFF, 0xFF,
0xCC, 0x7D, 0xFF, 0xFF, 0xC3, 0x04, 0x00, 0x00, 0x00, 0x00, 0x07, 0xC7, 0xFF, 0xFF, 0x84, 0x14,
0xF3, 0xFF, 0xFF, 0xC1, 0x3D, 0x08, 0x0D, 0x49, 0xCC, 0xFF, 0xFF, 0xF6, 0x18, 0x00, 0x58, 0xFF,
0xFF, 0xFF, 0xFF, 0xFF, 0xFF, 0xFF, 0xFF, 0xFF, 0xFF, 0x5F, 0x00, 0x00, 0x00, 0x5E, 0xF7, 0xFF,
0xFF, 0xFF, 0xFF, 0xFF, 0xFF, 0xF9, 0x64, 0x00, 0x00, 0x00, 0x00, 0x00, 0x1E, 0x8E, 0xD6, 0xF5,
0xF5, 0xD7, 0x90, 0x20, 0x00, 0x00, 0x00, 0x34, 0xE4, 0xFF, 0xFF, 0xFF, 0xFF, 0xFF, 0xFF, 0xFF,
0xFF, 0xFF, 0xFF, 0xFF, 0xC2, 0x08, 0x93, 0xFF, 0xFF, 0xFF, 0xFF, 0xFF, 0xFF, 0xFF, 0xFF, 0xFF,
0xFF, 0xFF, 0xFF, 0xFF, 0x4D, 0x39, 0xE4, 0xFF, 0xFF, 0xFF, 0xFF, 0xFF, 0xFF, 0xFF, 0xFF, 0xFF,
0xFF, 0xFF, 0xFF, 0x30, 0x00, 0x00, 0x00, 0x00, 0x00, 0x00, 0x00, 0x00, 0x00, 0x00, 0x7E, 0xFF,
0xFF, 0xCA, 0x00, 0x00, 0x00, 0x00, 0x00, 0x00, 0x00, 0x00, 0x00, 0x00, 0x08, 0xE9, 0xFF, 0xFF,
0x56, 0x00, 0x00, 0x00, 0x00, 0x00, 0x00, 0x00, 0x00, 0x00, 0x00, 0x65, 0xFF, 0xFF, 0xE0, 0x03,
0x00, 0x00, 0x00, 0x00, 0x00, 0x00, 0x00, 0x00, 0x00, 0x01, 0xD7, 0xFF, 0xFF, 0x70, 0x00, 0x00,
0x00, 0x00, 0x00, 0x00, 0x00, 0x00, 0x00, 0x00, 0x4D, 0xFF, 0xFF, 0xF0, 0x0C, 0x00, 0x00, 0x00,
0x00, 0x00, 0x00, 0x00, 0x00, 0x00, 0x00, 0xC0, 0xFF, 0xFF, 0x89, 0x00, 0x00, 0x00, 0x00, 0x00,
0x00, 0x00, 0x00, 0x00, 0x00, 0x33, 0xFF, 0xFF, 0xFA, 0x1B, 0x00, 0x00, 0x00, 0x00, 0x00, 0x00,
0x00, 0x00, 0x00, 0x00, 0xA8, 0xFF, 0xFF, 0xA2, 0x00, 0x00, 0x00, 0x00, 0x00, 0x00, 0x00, 0x00,
0x00, 0x00, 0x1F, 0xFC, 0xFF, 0xFF, 0x2F, 0x00, 0x00, 0x00, 0x00, 0x00, 0x00, 0x00, 0x00, 0x00,
0x00, 0x8F, 0xFF, 0xFF, 0xBB, 0x00, 0x00, 0x00, 0x00, 0x00, 0x00, 0x00, 0x00, 0x00, 0x00, 0x0F,
0xF2, 0xFF, 0xFF, 0x48, 0x00, 0x00, 0x00, 0x00, 0x00, 0x00, 0x00, 0x00, 0x00, 0x00, 0x76, 0xFF,
0xFF, 0xD4, 0x00, 0x00, 0x00, 0x00, 0x00, 0x00, 0x00, 0x00, 0x00, 0x00, 0x05, 0xE4, 0xFF, 0xFF,
0x61, 0x00, 0x00, 0x00, 0x00, 0x00, 0x00, 0x00, 0x00, 0x00, 0x00, 0x5E, 0xFF, 0xFF, 0xE7, 0x07,
0x00, 0x00, 0x00, 0x00, 0x00, 0x00, 0x00, 0x00, 0x00, 0x00, 0xD0, 0xFF, 0xFF, 0x7B, 0x00, 0x00,
0x00, 0x00, 0x00, 0x00, 0x00, 0x00, 0x00, 0x00, 0x45, 0xFF, 0xFF, 0xF5, 0x12, 0x00, 0x00, 0x00,
0x00, 0x00, 0x00, 0x00, 0x00, 0x00, 0x00, 0xB9, 0xFF, 0xFF, 0x94, 0x00, 0x00, 0x00, 0x00, 0x00,
0x00, 0x00, 0x00, 0x00, 0x00, 0x39, 0xFF, 0xFF, 0xFD, 0x23, 0x00, 0x00, 0x00, 0x00, 0x00, 0x00,
0x00, 0x00, 0x00, 0x00, 0x15, 0xD3, 0xEE, 0x7E, 0x00, 0x00, 0x00, 0x00, 0x00, 0x00, 0x00, 0x00,
0x00, 0x00, 0x00, 0x00, 0x13, 0x81, 0xD0, 0xF4, 0xF5, 0xD3, 0x84, 0x13, 0x00, 0x00, 0x00, 0x00,
0x00, 0x38, 0xE7, 0xFF, 0xFF, 0xFF, 0xFF, 0xFF, 0xFF, 0xE6, 0x34, 0x00, 0x00, 0x00, 0x1F, 0xEF,
0xFF, 0xFF, 0xFF, 0xFF, 0xFF, 0xFF, 0xFF, 0xFF, 0xE9, 0x17, 0x00, 0x00, 0x9E, 0xFF, 0xFF, 0xF3,
0x67, 0x15, 0x17, 0x6E, 0xF6, 0xFF, 0xFF, 0x8F, 0x00, 0x00, 0xE7, 0xFF, 0xFF, 0x66, 0x00, 0x00,
0x00, 0x00, 0x6C, 0xFF, 0xFF, 0xDB, 0x00, 0x00, 0xF9, 0xFF, 0xFF, 0x15, 0x00, 0x00, 0x00, 0x00,
0x16, 0xFF, 0xFF, 0xF8, 0x00, 0x00, 0xDD, 0xFF, 0xFF, 0x18, 0x00, 0x00, 0x00, 0x00, 0x1B, 0xFF,
0xFF, 0xEB, 0x00, 0x00, 0x86, 0xFF, 0xFF, 0x75, 0x00, 0x00, 0x00, 0x00, 0x78, 0xFF, 0xFF, 0xAE,
0x00, 0x00, 0x0E, 0xD5, 0xFF, 0xF9, 0x74, 0x17, 0x19, 0x77, 0xFA, 0xFF, 0xFE, 0x3C, 0x00, 0x00,
0x00, 0x15, 0xCE, 0xFF, 0xFF, 0xFF, 0xFF, 0xFF, 0xFF, 0xFF, 0x7E, 0x00, 0x00, 0x00, 0x10, 0xA0,
0xFD, 0xFF, 0xFF, 0xFF, 0xFF, 0xFF, 0xFF, 0xCC, 0x14, 0x00, 0x00, 0x03, 0xC7, 0xFF, 0xFF, 0xFF,
0xFF, 0xFF, 0xFF, 0xFF, 0xFF, 0xFF, 0xF1, 0x59, 0x00, 0x65, 0xFF, 0xFF, 0xFF, 0xC1, 0x43, 0x13,
0x14, 0x43, 0xC2, 0xFF, 0xFF, 0xFA, 0x28, 0xC2, 0xFF, 0xFF, 0xA8, 0x01, 0x00, 0x00, 0x00, 0x00,
0x01, 0xAA, 0xFF, 0xFF, 0x99, 0xEE, 0xFF, 0xFF, 0x25, 0x00, 0x00, 0x00, 0x00, 0x00, 0x00, 0x28,
0xFF, 0xFF, 0xE0, 0xF9, 0xFF, 0xFF, 0x06, 0x00, 0x00, 0x00, 0x00, 0x00, 0x00, 0x06, 0xFF, 0xFF,
0xF8, 0xE1, 0xFF, 0xFF, 0x30, 0x00, 0x00, 0x00, 0x00, 0x00, 0x00, 0x2F, 0xFF, 0xFF, 0xE9, 0xA1,
0xFF, 0xFF, 0xB8, 0x03, 0x00, 0x00, 0x00, 0x00, 0x04, 0xB9, 0xFF, 0xFF, 0xAF, 0x33, 0xFE, 0xFF,
0xFF, 0xBF, 0x3F, 0x09, 0x0C, 0x45, 0xC5, 0xFF, 0xFF, 0xFF, 0x44, 0x00, 0x85, 0xFF, 0xFF, 0xFF,
0xFF, 0xFF, 0xFF, 0xFF, 0xFF, 0xFF, 0xFF, 0x94, 0x00, 0x00, 0x01, 0x80, 0xFD, 0xFF, 0xFF, 0xFF,
0xFF, 0xFF, 0xFF, 0xFE, 0x8A, 0x02, 0x00, 0x00, 0x00, 0x00, 0x2A, 0x96, 0xD9, 0xF6, 0xF6, 0xDA,
0x9A, 0x2E, 0x00, 0x00, 0x00, 0x00, 0x00, 0x00, 0x1E, 0x8E, 0xD5, 0xF3, 0xF4, 0xD4, 0x8C, 0x1C,
0x00, 0x00, 0x00, 0x00, 0x00, 0x60, 0xF7, 0xFF, 0xFF, 0xFF, 0xFF, 0xFF, 0xFF, 0xF6, 0x5B, 0x00,
0x00, 0x00, 0x5C, 0xFF, 0xFF, 0xFF, 0xFF, 0xFF, 0xFF, 0xFF, 0xFF, 0xFF, 0xFF, 0x54, 0x00, 0x17,
0xF4, 0xFF, 0xFF, 0xC8, 0x45, 0x0B, 0x0A, 0x41, 0xC8, 0xFF, 0xFF, 0xF1, 0x12, 0x82, 0xFF, 0xFF,
0xC7, 0x06, 0x00, 0x00, 0x00, 0x00, 0x07, 0xCD, 0xFF, 0xFF, 0x7B, 0xCC, 0xFF, 0xFF, 0x43, 0x00,
0x00, 0x00, 0x00, 0x00, 0x00, 0x4C, 0xFF, 0xFF, 0xC5, 0xF0, 0xFF, 0xFF, 0x0A, 0x00, 0x00, 0x00,
0x00, 0x00, 0x00, 0x10, 0xFF, 0xFF, 0xEC, 0xFA, 0xFF, 0xFF, 0x0A, 0x00, 0x00, 0x00, 0x00, 0x00,
0x00, 0x07, 0xFF, 0xFF, 0xFB, 0xE6, 0xFF, 0xFF, 0x42, 0x00, 0x00, 0x00, 0x00, 0x00, 0x00, 0x35,
0xFF, 0xFF, 0xEE, 0xB0, 0xFF, 0xFF, 0xC7, 0x06, 0x00, 0x00, 0x00, 0x00, 0x02, 0xB8, 0xFF, 0xFF,
0xDB, 0x51, 0xFF, 0xFF, 0xFF, 0xC7, 0x43, 0x0A, 0x09, 0x3D, 0xBC, 0xFF, 0xFF, 0xFF, 0xAE, 0x01,
0xBA, 0xFF, 0xFF, 0xFF, 0xFF, 0xFF, 0xFF, 0xFF, 0xFF, 0xFF, 0xFF, 0xFF, 0x77, 0x00, 0x12, 0xC7,
0xFF, 0xFF, 0xFF, 0xFF, 0xFF, 0xFF, 0xFF, 0xFF, 0xFF, 0xFE, 0x1F, 0x00, 0x00, 0x05, 0x6C, 0xCA,
0xF4, 0xEA, 0xA7, 0xC8, 0xFF, 0xFF, 0xFF, 0xB1, 0x00, 0x00, 0x00, 0x00, 0x00, 0x00, 0x00, 0x00,
0x2B, 0xFB, 0xFF, 0xFF, 0xF7, 0x22, 0x00, 0x00, 0x00, 0x00, 0x00, 0x00, 0x00, 0x03, 0xCA, 0xFF,
0xFF, 0xFF, 0x6A, 0x00, 0x00, 0x00, 0x00, 0x00, 0x00, 0x00, 0x00, 0x8C, 0xFF, 0xFF, 0xFF, 0xA8,
0x00, 0x00, 0x00, 0x00, 0x00, 0x00, 0x00, 0x00, 0x64, 0xFF, 0xFF, 0xFF, 0xD4, 0x0C, 0x00, 0x00,
0x00, 0x00, 0x00, 0x00, 0x00, 0x55, 0xFC, 0xFF, 0xFF, 0xEB, 0x22, 0x00, 0x00, 0x00, 0x00, 0x00,
0x00, 0x00, 0x43, 0xFA, 0xFF, 0xFF, 0xF3, 0x36, 0x00, 0x00, 0x00, 0x00, 0x00, 0x00, 0x00, 0x00,
0xA0, 0xFF, 0xFF, 0xF5, 0x41, 0x00, 0x00, 0x00, 0x00, 0x00, 0x00, 0x00, 0x00, 0x00, 0x3F, 0xE6,
0xDB, 0x39, 0x00, 0x00, 0x00, 0x00, 0x00, 0x00, 0x00, 0x6D, 0xF0, 0x6E, 0xEC, 0xFF, 0xEC, 0xEC,
0xFF, 0xEA, 0x6F, 0xF0, 0x6B, 0x00, 0x00, 0x00, 0x00, 0x00, 0x00, 0x00, 0x00, 0x00, 0x00, 0x00,
0x00, 0x00, 0x00, 0x00, 0x6C, 0xEF, 0x66, 0xEB, 0xFF, 0xE8, 0xEB, 0xFF, 0xED, 0x6C, 0xF0, 0x6C,
0x00, 0x00, 0x00, 0x6E, 0xEF, 0x6D, 0x00, 0x00, 0x00, 0xEC, 0xFF, 0xEB, 0x00, 0x00, 0x00, 0xEB,
0xFF, 0xEA, 0x00, 0x00, 0x00, 0x68, 0xEF, 0x6D, 0x00, 0x00, 0x00, 0x00, 0x00, 0x00, 0x00, 0x00,
0x00, 0x00, 0x00, 0x00, 0x00, 0x00, 0x00, 0x00, 0x00, 0x00, 0x00, 0x00, 0x00, 0x00, 0x00, 0x00,
0x00, 0x00, 0x00, 0x00, 0x00, 0x00, 0x00, 0x00, 0x00, 0x00, 0x00, 0x00, 0x00, 0x00, 0x43, 0xE4,
0xDF, 0x1F, 0x00, 0x02, 0xD6, 0xFF, 0xFF, 0x5F, 0x00, 0x56, 0xFF, 0xFF, 0xF1, 0x11, 0x01, 0xD2,
0xFF, 0xFF, 0x85, 0x00, 0x51, 0xFF, 0xFF, 0xF4, 0x14, 0x00, 0xAC, 0xFF, 0xFF, 0x8B, 0x00, 0x00,
0x5E, 0xF4, 0xC6, 0x15, 0x00, 0x00, 0x00, 0x00, 0x00, 0x9C, 0xF5, 0x8D, 0x00, 0x00, 0x58, 0xFF,
0xFF, 0xD7, 0x00, 0x0E, 0xE6, 0xFF, 0xFF, 0x8F, 0x00, 0x94, 0xFF, 0xFF, 0xE4, 0x0D, 0x34, 0xFD,
0xFF, 0xFF, 0x54, 0x00, 0xD0, 0xFF, 0xFF, 0xB9, 0x00, 0x00, 0xCC, 0xFF, 0xFF, 0xD4, 0x04, 0x00,
0x3C, 0xFE, 0xFF, 0xFF, 0x6F, 0x00, 0x00, 0x99, 0xFF, 0xFF, 0xEF, 0x15, 0x00, 0x0F, 0xE6, 0xFF,
0xFF, 0x9A, 0x00, 0x00, 0x54, 0xFF, 0xFF, 0xD9, 0x00, 0x00, 0x00, 0x93, 0xF3, 0x7F, 0x01, 0xB6,
0xFF, 0xFF, 0xFF, 0xFF, 0xFF, 0xFF, 0xFF, 0xFF, 0xFF, 0xFF, 0xFF, 0xFF, 0xF9, 0x6D, 0x16, 0xFF,
0xFF, 0xFF, 0xFF, 0xFF, 0xFF, 0xFF, 0xFF, 0xFF, 0xFF, 0xFF, 0xFF, 0xFF, 0xFF, 0xCD, 0x01, 0xB6,
0xFF, 0xFF, 0xFF, 0xFF, 0xFF, 0xFF, 0xFF, 0xFF, 0xFF, 0xFF, 0xFF, 0xFF, 0xFA, 0x6E, 0x00, 0x00,
0x00, 0x00, 0x00, 0x00, 0x00, 0x00, 0x00, 0x00, 0x00, 0x00, 0x00, 0x00, 0x00, 0x00, 0x07, 0xCA,
0xFF, 0xFF, 0xFF, 0xFF, 0xFF, 0xFF, 0xFF, 0xFF, 0xFF, 0xFF, 0xFF, 0xFF, 0xFC, 0x94, 0x07, 0xCC,
0xFF, 0xFF, 0xFF, 0xFF, 0xFF, 0xFF, 0xFF, 0xFF, 0xFF, 0xFF, 0xFF, 0xFF, 0xFC, 0x95, 0x7E, 0xF1,
0x8F, 0x00, 0x00, 0x00, 0xD5, 0xFF, 0xFF, 0x4E, 0x00, 0x00, 0x97, 0xFF, 0xFF, 0xDF, 0x0A, 0x00,
0x14, 0xEE, 0xFF, 0xFF, 0x85, 0x00, 0x00, 0x6C, 0xFF, 0xFF, 0xF9, 0x27, 0x00, 0x03, 0xD2, 0xFF,
0xFF, 0xC0, 0x00, 0x00, 0xB5, 0xFF, 0xFF, 0xD3, 0x00, 0x50, 0xFF, 0xFF, 0xFE, 0x38, 0x0B, 0xE1,
0xFF, 0xFF, 0x98, 0x00, 0x89, 0xFF, 0xFF, 0xE9, 0x11, 0x00, 0xD4, 0xFF, 0xFF, 0x5C, 0x00, 0x00,
0x8C, 0xF6, 0xA3, 0x00, 0x00, 0x00, 0x00, 0x00, 0x15, 0x7E, 0xCA, 0xF2, 0xFA, 0xE9, 0xBA, 0x68,
0x09, 0x00, 0x00, 0x00, 0x51, 0xEE, 0xFF, 0xFF, 0xFF, 0xFF, 0xFF, 0xFF, 0xFF, 0xDB, 0x2D, 0x00,
0x44, 0xFD, 0xFF, 0xFF, 0xFF, 0xFF, 0xFF, 0xFF, 0xFF, 0xFF, 0xFF, 0xEA, 0x18, 0xC9, 0xFF, 0xFF,
0xFD, 0x8A, 0x24, 0x07, 0x20, 0x7A, 0xF7, 0xFF, 0xFF, 0x95, 0xF6, 0xFF, 0xFF, 0x7E, 0x00, 0x00,
0x00, 0x00, 0x00, 0x62, 0xFF, 0xFF, 0xE1, 0xB1, 0xFF, 0xCB, 0x06, 0x00, 0x00, 0x00, 0x00, 0x00,
0x0F, 0xFF, 0xFF, 0xFA, 0x02, 0x27, 0x04, 0x00, 0x00, 0x00, 0x00, 0x00, 0x00, 0x19, 0xFF, 0xFF,
0xED, 0x00, 0x00, 0x00, 0x00, 0x00, 0x00, 0x00, 0x00, 0x00, 0x7E, 0xFF, 0xFF, 0xB7, 0x00, 0x00,
0x00, 0x00, 0x00, 0x0B, 0x44, 0x70, 0xB1, 0xFF, 0xFF, 0xFC, 0x40, 0x00, 0x00, 0x00, 0x00, 0x00,
0xD5, 0xFF, 0xFF, 0xFF, 0xFF, 0xF3, 0x50, 0x00, 0x00, 0x00, 0x00, 0x00, 0x00, 0xFF, 0xFF, 0xFF,
0xE8, 0x9A, 0x20, 0x00, 0x00, 0x00, 0x00, 0x00, 0x00, 0x00, 0xFF, 0xFF, 0xFF, 0x01, 0x00, 0x00,
0x00, 0x00, 0x00, 0x00, 0x00, 0x00, 0x00, 0xFF, 0xFF, 0xFF, 0x00, 0x00, 0x00, 0x00, 0x00, 0x00,
0x00, 0x00, 0x00, 0x00, 0xFB, 0xFF, 0xFA, 0x00, 0x00, 0x00, 0x00, 0x00, 0x00, 0x00, 0x00, 0x00,
0x00, 0x8C, 0xF4, 0x8A, 0x00, 0x00, 0x00, 0x00, 0x00, 0x00, 0x00, 0x00, 0x00, 0x00, 0x00, 0x00,
0x00, 0x00, 0x00, 0x00, 0x00, 0x00, 0x00, 0x00, 0x00, 0x00, 0x00, 0x00, 0x00, 0x00, 0x00, 0x00,
0x00, 0x00, 0x00, 0x00, 0x00, 0x00, 0x00, 0x00, 0x00, 0x00, 0x00, 0x00, 0x00, 0x00, 0x00, 0x00,
0x00, 0x00, 0x00, 0x00, 0x00, 0x6A, 0xEF, 0x6C, 0x00, 0x00, 0x00, 0x00, 0x00, 0x00, 0x00, 0x00,
0x00, 0x00, 0xE9, 0xFF, 0xE9, 0x00, 0x00, 0x00, 0x00, 0x00, 0x00, 0x00, 0x00, 0x00, 0x00, 0xEF,
0xFF, 0xED, 0x00, 0x00, 0x00, 0x00, 0x00, 0x00, 0x00, 0x00, 0x00, 0x00, 0x73, 0xF1, 0x6D, 0x00,
0x00, 0x00, 0x00, 0x00, 0x00, 0x00, 0x00, 0x00, 0x00, 0x00, 0x45, 0xA0, 0xCF, 0xE9, 0xFB, 0xF1,
0xD9, 0x9E, 0x4D, 0x01, 0x00, 0x00, 0x00, 0x00, 0x00, 0x00, 0x00, 0x00, 0x19, 0xB9, 0xFF, 0xFF,
0xFF, 0xFF, 0xFF, 0xFF, 0xFF, 0xFF, 0xFF, 0xCB, 0x2D, 0x00, 0x00, 0x00, 0x00, 0x00, 0x00, 0x2F,
0xE6, 0xFF, 0xE8, 0x7A, 0x3C, 0x1A, 0x04, 0x12, 0x37, 0x85, 0xF1, 0xFF, 0xF3, 0x46, 0x00, 0x00,
0x00, 0x00, 0x2F, 0xEF, 0xFF, 0xB7, 0x0F, 0x00, 0x00, 0x00, 0x00, 0x00, 0x00, 0x00, 0x15, 0xC0,
0xFF, 0xF2, 0x28, 0x00, 0x00, 0x16, 0xE5, 0xFF, 0xB5, 0x04, 0x00, 0x00, 0x00, 0x00, 0x00, 0x00,
0x00, 0x00, 0x00, 0x06, 0xC6, 0xFF, 0xC5, 0x00, 0x00, 0xAE, 0xFF, 0xDB, 0x0B, 0x00, 0x00, 0x00,
0x5A, 0xC7, 0xF6, 0xE6, 0x7B, 0x13, 0xE9, 0x00, 0x1F, 0xF8, 0xFF, 0x44, 0x2F, 0xFF, 0xFF, 0x40,
0x00, 0x00, 0x01, 0x9C, 0xF7, 0x64, 0x11, 0x46, 0xF1, 0xA2, 0xBE, 0x00, 0x00, 0x9B, 0xFF, 0x96,
0x8B, 0xFF, 0xC6, 0x00, 0x00, 0x00, 0x7E, 0xFF, 0x62, 0x00, 0x00, 0x00, 0x85, 0xFF, 0x92, 0x00,
0x00, 0x4D, 0xFF, 0xD3, 0xCE, 0xFF, 0x6C, 0x00, 0x00, 0x23, 0xFA, 0xDC, 0x01, 0x00, 0x00, 0x00,
0x68, 0xFF, 0x66, 0x00, 0x00, 0x1B, 0xFF, 0xED, 0xEA, 0xFF, 0x2F, 0x00, 0x00, 0x87, 0xFF, 0x83,
0x00, 0x00, 0x00, 0x00, 0x76, 0xFF, 0x3A, 0x00, 0x00, 0x07, 0xFF, 0xFB, 0xFA, 0xFF, 0x11, 0x00,
0x00, 0xCA, 0xFF, 0x41, 0x00, 0x00, 0x00, 0x00, 0x9C, 0xFF, 0x0E, 0x00, 0x00, 0x06, 0xFF, 0xEC,
0xE9, 0xFF, 0x01, 0x00, 0x00, 0xF5, 0xFF, 0x17, 0x00, 0x00, 0x00, 0x00, 0xB4, 0xE2, 0x00, 0x00,
0x00, 0x1B, 0xFF, 0xCB, 0xD4, 0xFF, 0x0A, 0x00, 0x00, 0xF7, 0xFF, 0x04, 0x00, 0x00, 0x00, 0x00,
0xDE, 0xBB, 0x00, 0x00, 0x00, 0x4C, 0xFF, 0x93, 0xA1, 0xFF, 0x25, 0x00, 0x00, 0xE4, 0xFF, 0x07,
0x00, 0x00, 0x00, 0x39, 0xFF, 0x95, 0x00, 0x00, 0x00, 0x90, 0xFF, 0x45, 0x60, 0xFF, 0x42, 0x00,
0x00, 0xB2, 0xFF, 0x35, 0x00, 0x00, 0x00, 0xB4, 0xFF, 0x74, 0x00, 0x00, 0x08, 0xE8, 0xD3, 0x00,
0x0F, 0xF2, 0x83, 0x00, 0x00, 0x4C, 0xFF, 0xC1, 0x1C, 0x0F, 0x8C, 0xB2, 0xFF, 0x69, 0x00, 0x00,
0x8A, 0xFF, 0x42, 0x00, 0x00, 0x8B, 0xED, 0x14, 0x00, 0x00, 0x4A, 0xB1, 0xEF, 0xEA, 0x8D, 0x08,
0xD4, 0xB0, 0x0D, 0x70, 0xFE, 0x78, 0x00, 0x00, 0x00, 0x0F, 0xDE, 0xB5, 0x03, 0x00, 0x00, 0x00,
0x00, 0x00, 0x00, 0x00, 0x2B, 0xC8, 0xF5, 0xCB, 0x4F, 0x31, 0xAE, 0x06, 0x00, 0x00, 0x37, 0xF7,
0x9F, 0x03, 0x00, 0x00, 0x00, 0x00, 0x00, 0x00, 0x00, 0x00, 0x00, 0x00, 0x46, 0xF0, 0xD6, 0x15,
0x00, 0x00, 0x00, 0x3D, 0xF0, 0xBB, 0x1A, 0x00, 0x00, 0x00, 0x00, 0x00, 0x00, 0x00, 0x0F, 0x86,
0xFB, 0xAE, 0x0F, 0x00, 0x00, 0x00, 0x00, 0x00, 0x25, 0xB4, 0xF6, 0x93, 0x42, 0x16, 0x06, 0x1B,
0x46, 0x92, 0xED, 0xDC, 0x5E, 0x00, 0x00, 0x00, 0x00, 0x00, 0x00, 0x00, 0x00, 0x00, 0x37, 0x8B,
0xCD, 0xE8, 0xFA, 0xEA, 0xD2, 0x98, 0x4F, 0x04, 0x00, 0x00, 0x00, 0x00, 0x00, 0x00, 0x00, 0x00,
0x00, 0x00, 0x00, 0x27, 0xCE, 0xF6, 0xB9, 0x0F, 0x00, 0x00, 0x00, 0x00, 0x00, 0x00, 0x00, 0x00,
0x00, 0x00, 0x00, 0x00, 0x00, 0x00, 0xBE, 0xFF, 0xFF, 0xFF, 0x90, 0x00, 0x00, 0x00, 0x00, 0x00,
0x00, 0x00, 0x00, 0x00, 0x00, 0x00, 0x00, 0x00, 0x27, 0xFF, 0xFF, 0xFF, 0xFF, 0xF0, 0x08, 0x00,
0x00, 0x00, 0x00, 0x00, 0x00, 0x00, 0x00, 0x00, 0x00, 0x00, 0x00, 0x86, 0xFF, 0xFF, 0xFF, 0xFF,
0xFF, 0x56, 0x00, 0x00, 0x00, 0x00, 0x00, 0x00, 0x00, 0x00, 0x00, 0x00, 0x00, 0x02, 0xE2, 0xFF,
0xFF, 0xCE, 0xFF, 0xFF, 0xB4, 0x00, 0x00, 0x00, 0x00, 0x00, 0x00, 0x00, 0x00, 0x00, 0x00, 0x00,
0x44, 0xFF, 0xFF, 0xEA, 0x2E, 0xFF, 0xFF, 0xFB, 0x16, 0x00, 0x00, 0x00, 0x00, 0x00, 0x00, 0x00,
0x00, 0x00, 0x00, 0xA3, 0xFF, 0xFF, 0x90, 0x00, 0xCA, 0xFF, 0xFF, 0x70, 0x00, 0x00, 0x00, 0x00,
0x00, 0x00, 0x00, 0x00, 0x00, 0x0C, 0xF5, 0xFF, 0xFF, 0x31, 0x00, 0x6B, 0xFF, 0xFF, 0xCE, 0x00,
0x00, 0x00, 0x00, 0x00, 0x00, 0x00, 0x00, 0x00, 0x61, 0xFF, 0xFF, 0xD2, 0x00, 0x00, 0x12, 0xF9,
0xFF, 0xFF, 0x2C, 0x00, 0x00, 0x00, 0x00, 0x00, 0x00, 0x00, 0x00, 0xC0, 0xFF, 0xFF, 0x72, 0x00,
0x00, 0x00, 0xAD, 0xFF, 0xFF, 0x8A, 0x00, 0x00, 0x00, 0x00, 0x00, 0x00, 0x00, 0x20, 0xFE, 0xFF,
0xFC, 0x17, 0x00, 0x00, 0x00, 0x4F, 0xFF, 0xFF, 0xE5, 0x02, 0x00, 0x00, 0x00, 0x00, 0x00, 0x00,
0x7E, 0xFF, 0xFF, 0xB4, 0x00, 0x00, 0x00, 0x00, 0x05, 0xEA, 0xFF, 0xFF, 0x46, 0x00, 0x00, 0x00,
0x00, 0x00, 0x00, 0xDC, 0xFF, 0xFF, 0x55, 0x00, 0x00, 0x00, 0x00, 0x00, 0x91, 0xFF, 0xFF, 0xA4,
0x00, 0x00, 0x00, 0x00, 0x00, 0x3C, 0xFF, 0xFF, 0xEF, 0x07, 0x00, 0x00, 0x00, 0x00, 0x00, 0x32,
0xFF, 0xFF, 0xF5, 0x0C, 0x00, 0x00, 0x00, 0x00, 0x9B, 0xFF, 0xFF, 0x97, 0x00, 0x00, 0x00, 0x00,
0x00, 0x00, 0x00, 0xD3, 0xFF, 0xFF, 0x60, 0x00, 0x00, 0x00, 0x09, 0xF0, 0xFF, 0xFF, 0xFF, 0xFF,
0xFF, 0xFF, 0xFF, 0xFF, 0xFF, 0xFF, 0xFF, 0xFF, 0xFF, 0xBE, 0x00, 0x00, 0x00, 0x59, 0xFF, 0xFF,
0xFF, 0xFF, 0xFF, 0xFF, 0xFF, 0xFF, 0xFF, 0xFF, 0xFF, 0xFF, 0xFF, 0xFF, 0xFE, 0x1D, 0x00, 0x00,
0xB8, 0xFF, 0xFF, 0xFF, 0xFF, 0xFF, 0xFF, 0xFF, 0xFF, 0xFF, 0xFF, 0xFF, 0xFF, 0xFF, 0xFF, 0xFF,
0x79, 0x00, 0x19, 0xFC, 0xFF, 0xFE, 0x1E, 0x00, 0x00, 0x00, 0x00, 0x00, 0x00, 0x00, 0x00, 0x00,
0x5D, 0xFF, 0xFF, 0xD7, 0x00, 0x75, 0xFF, 0xFF, 0xBD, 0x00, 0x00, 0x00, 0x00, 0x00, 0x00, 0x00,
0x00, 0x00, 0x00, 0x0A, 0xF2, 0xFF, 0xFF, 0x35, 0xB5, 0xFF, 0xFF, 0x5E, 0x00, 0x00, 0x00, 0x00,
0x00, 0x00, 0x00, 0x00, 0x00, 0x00, 0x00, 0x9E, 0xFF, 0xFF, 0x7A, 0x68, 0xF3, 0xBA, 0x08, 0x00,
0x00, 0x00, 0x00, 0x00, 0x00, 0x00, 0x00, 0x00, 0x00, 0x00, 0x22, 0xD8, 0xE9, 0x3C, 0x74, 0xF2,
0xFF, 0xFF, 0xFF, 0xFF, 0xFE, 0xEF, 0xC5, 0x73, 0x0C, 0x00, 0x00, 0x00, 0xF6, 0xFF, 0xFF, 0xFF,
0xFF, 0xFF, 0xFF, 0xFF, 0xFF, 0xFF, 0xDE, 0x2E, 0x00, 0x00, 0xFF, 0xFF, 0xFF, 0xFF, 0xFF, 0xFF,
0xFF, 0xFF, 0xFF, 0xFF, 0xFF, 0xE7, 0x15, 0x00, 0xFF, 0xFF, 0xFF, 0x00, 0x00, 0x00, 0x0A, 0x34,
0xA8, 0xFF, 0xFF, 0xFF, 0x8E, 0x00, 0xFF, 0xFF, 0xFF, 0x00, 0x00, 0x00, 0x00, 0x00, 0x00, 0x8A,
0xFF, 0xFF, 0xDC, 0x00, 0xFF, 0xFF, 0xFF, 0x00, 0x00, 0x00, 0x00, 0x00, 0x00, 0x15, 0xFF, 0xFF,
0xF8, 0x00, 0xFF, 0xFF, 0xFF, 0x00, 0x00, 0x00, 0x00, 0x00, 0x00, 0x13, 0xFF, 0xFF, 0xE8, 0x00,
0xFF, 0xFF, 0xFF, 0x00, 0x00, 0x00, 0x00, 0x00, 0x00, 0x8E, 0xFF, 0xFF, 0xA3, 0x00, 0xFF, 0xFF,
0xFF, 0x00, 0x00, 0x00, 0x12, 0x40, 0xB5, 0xFF, 0xFF, 0xF4, 0x23, 0x00, 0xFF, 0xFF, 0xFF, 0xFF,
0xFF, 0xFF, 0xFF, 0xFF, 0xFF, 0xFF, 0xD7, 0x3B, 0x00, 0x00, 0xFF, 0xFF, 0xFF, 0xFF, 0xFF, 0xFF,
0xFF, 0xFF, 0xFF, 0xFF, 0xD6, 0x83, 0x0F, 0x00, 0xFF, 0xFF, 0xFF, 0xFF, 0xFF, 0xFF, 0xFF, 0xFF,
0xFF, 0xFF, 0xFF, 0xFF, 0xE5, 0x16, 0xFF, 0xFF, 0xFF, 0x00, 0x00, 0x00, 0x00, 0x07, 0x3B, 0xC0,
0xFF, 0xFF, 0xFF, 0x80, 0xFF, 0xFF, 0xFF, 0x00, 0x00, 0x00, 0x00, 0x00, 0x00, 0x04, 0xB9, 0xFF,
0xFF, 0xCA, 0xFF, 0xFF, 0xFF, 0x00, 0x00, 0x00, 0x00, 0x00, 0x00, 0x00, 0x2F, 0xFF, 0xFF, 0xF0,
0xFF, 0xFF, 0xFF, 0x00, 0x00, 0x00, 0x00, 0x00, 0x00, 0x00, 0x06, 0xFF, 0xFF, 0xFB, 0xFF, 0xFF,
0xFF, 0x00, 0x00, 0x00, 0x00, 0x00, 0x00, 0x00, 0x2A, 0xFF, 0xFF, 0xE8, 0xFF, 0xFF, 0xFF, 0x00,
0x00, 0x00, 0x00, 0x00, 0x00, 0x02, 0xB1, 0xFF, 0xFF, 0xB1, 0xFF, 0xFF, 0xFF, 0x00, 0x00, 0x00,
0x00, 0x0F, 0x40, 0xC4, 0xFF, 0xFF, 0xFF, 0x4E, 0xFF, 0xFF, 0xFF, 0xFF, 0xFF, 0xFF, 0xFF, 0xFF,
0xFF, 0xFF, 0xFF, 0xFF, 0xAE, 0x00, 0xF6, 0xFF, 0xFF, 0xFF, 0xFF, 0xFF, 0xFF, 0xFF, 0xFF, 0xFF,
0xFF, 0xB1, 0x0B, 0x00, 0x79, 0xF5, 0xFF, 0xFF, 0xFF, 0xFF, 0xFF, 0xFD, 0xEB, 0xB5, 0x52, 0x00,
0x00, 0x00, 0x00, 0x00, 0x00, 0x00, 0x00, 0x10, 0x67, 0xB5, 0xDF, 0xF6, 0xF6, 0xDB, 0xA5, 0x4E,
0x02, 0x00, 0x00, 0x00, 0x00, 0x00, 0x00, 0x65, 0xEB, 0xFF, 0xFF, 0xFF, 0xFF, 0xFF, 0xFF, 0xFF,
0xFF, 0xCE, 0x28, 0x00, 0x00, 0x00, 0x01, 0x94, 0xFF, 0xFF, 0xFF, 0xFF, 0xFF, 0xFF, 0xFF, 0xFF,
0xFF, 0xFF, 0xFF, 0xE5, 0x0A, 0x00, 0x00, 0x87, 0xFF, 0xFF, 0xFF, 0xD0, 0x5E, 0x1C, 0x07, 0x1F,
0x51, 0xBC, 0xFF, 0xFF, 0xFF, 0x2A, 0x00, 0x40, 0xFD, 0xFF, 0xFF, 0x94, 0x04, 0x00, 0x00, 0x00,
0x00, 0x00, 0x00, 0x49, 0xC2, 0x93, 0x00, 0x00, 0xC8, 0xFF, 0xFF, 0xAA, 0x00, 0x00, 0x00, 0x00,
0x00, 0x00, 0x00, 0x00, 0x00, 0x00, 0x00, 0x00, 0x39, 0xFF, 0xFF, 0xF3, 0x14, 0x00, 0x00, 0x00,
0x00, 0x00, 0x00, 0x00, 0x00, 0x00, 0x00, 0x00, 0x00, 0x84, 0xFF, 0xFF, 0x97, 0x00, 0x00, 0x00,
0x00, 0x00, 0x00, 0x00, 0x00, 0x00, 0x00, 0x00, 0x00, 0x00, 0xC1, 0xFF, 0xFF, 0x4D, 0x00, 0x00,
0x00, 0x00, 0x00, 0x00, 0x00, 0x00, 0x00, 0x00, 0x00, 0x00, 0x00, 0xE2, 0xFF, 0xFF, 0x1C, 0x00,
0x00, 0x00, 0x00, 0x00, 0x00, 0x00, 0x00, 0x00, 0x00, 0x00, 0x00, 0x00, 0xF5, 0xFF, 0xFF, 0x08,
0x00, 0x00, 0x00, 0x00, 0x00, 0x00, 0x00, 0x00, 0x00, 0x00, 0x00, 0x00, 0x00, 0xF8, 0xFF, 0xFF,
0x07, 0x00, 0x00, 0x00, 0x00, 0x00, 0x00, 0x00, 0x00, 0x00, 0x00, 0x00, 0x00, 0x00, 0xE6, 0xFF,
0xFF, 0x1A, 0x00, 0x00, 0x00, 0x00, 0x00, 0x00, 0x00, 0x00, 0x00, 0x00, 0x00, 0x00, 0x00, 0xCA,
0xFF, 0xFF, 0x49, 0x00, 0x00, 0x00, 0x00, 0x00, 0x00, 0x00, 0x00, 0x00, 0x00, 0x00, 0x00, 0x00,
0x8F, 0xFF, 0xFF, 0x91, 0x00, 0x00, 0x00, 0x00, 0x00, 0x00, 0x00, 0x00, 0x00, 0x00, 0x00, 0x00,
0x00, 0x47, 0xFF, 0xFF, 0xF0, 0x10, 0x00, 0x00, 0x00, 0x00, 0x00, 0x00, 0x00, 0x00, 0x00, 0x00,
0x00, 0x00, 0x01, 0xD5, 0xFF, 0xFF, 0xA5, 0x00, 0x00, 0x00, 0x00, 0x00, 0x00, 0x00, 0x00, 0x00,
0x00, 0x00, 0x00, 0x00, 0x50, 0xFF, 0xFF, 0xFF, 0x93, 0x04, 0x00, 0x00, 0x00, 0x00, 0x00, 0x00,
0x00, 0x00, 0x00, 0x00, 0x00, 0x00, 0x94, 0xFF, 0xFF, 0xFF, 0xD4, 0x64, 0x20, 0x07, 0x0C, 0x20,
0x53, 0x94, 0xDE, 0xEA, 0x42, 0x00, 0x00, 0x04, 0x9E, 0xFF, 0xFF, 0xFF, 0xFF, 0xFF, 0xFF, 0xFF,
0xFF, 0xFF, 0xFF, 0xFF, 0xFF, 0x85, 0x00, 0x00, 0x00, 0x00, 0x6B, 0xEC, 0xFF, 0xFF, 0xFF, 0xFF,
0xFF, 0xFF, 0xFF, 0xFF, 0xFF, 0xAA, 0x0E, 0x00, 0x00, 0x00, 0x00, 0x00, 0x10, 0x68, 0xB3, 0xDF,
0xF5, 0xF5, 0xDE, 0xBE, 0x77, 0x28, 0x00, 0x00, 0x70, 0xF5, 0xFF, 0xFF, 0xFF, 0xFF, 0xFF, 0xF6,
0xDF, 0xB7, 0x6B, 0x14, 0x00, 0x00, 0x00, 0x00, 0x00, 0xF5, 0xFF, 0xFF, 0xFF, 0xFF, 0xFF, 0xFF,
0xFF, 0xFF, 0xFF, 0xFF, 0xF0, 0x71, 0x01, 0x00, 0x00, 0x00, 0xFF, 0xFF, 0xFF, 0xFF, 0xFF, 0xFF,
0xFF, 0xFF, 0xFF, 0xFF, 0xFF, 0xFF, 0xFF, 0xA3, 0x05, 0x00, 0x00, 0xFF, 0xFF, 0xFF, 0x00, 0x00,
0x00, 0x00, 0x0B, 0x29, 0x70, 0xE1, 0xFF, 0xFF, 0xFF, 0x98, 0x00, 0x00, 0xFF, 0xFF, 0xFF, 0x00,
0x00, 0x00, 0x00, 0x00, 0x00, 0x00, 0x09, 0xA3, 0xFF, 0xFF, 0xFF, 0x51, 0x00, 0xFF, 0xFF, 0xFF,
0x00, 0x00, 0x00, 0x00, 0x00, 0x00, 0x00, 0x00, 0x01, 0xB0, 0xFF, 0xFF, 0xD5, 0x01, 0xFF, 0xFF,
0xFF, 0x00, 0x00, 0x00, 0x00, 0x00, 0x00, 0x00, 0x00, 0x00, 0x14, 0xF3, 0xFF, 0xFF, 0x47, 0xFF,
0xFF, 0xFF, 0x00, 0x00, 0x00, 0x00, 0x00, 0x00, 0x00, 0x00, 0x00, 0x00, 0x93, 0xFF, 0xFF, 0x8D,
0xFF, 0xFF, 0xFF, 0x00, 0x00, 0x00, 0x00, 0x00, 0x00, 0x00, 0x00, 0x00, 0x00, 0x4A, 0xFF, 0xFF,
0xC9, 0xFF, 0xFF, 0xFF, 0x00, 0x00, 0x00, 0x00, 0x00, 0x00, 0x00, 0x00, 0x00, 0x00, 0x1A, 0xFF,
0xFF, 0xE4, 0xFF, 0xFF, 0xFF, 0x00, 0x00, 0x00, 0x00, 0x00, 0x00, 0x00, 0x00, 0x00, 0x00, 0x07,
0xFF, 0xFF, 0xF7, 0xFF, 0xFF, 0xFF, 0x00, 0x00, 0x00, 0x00, 0x00, 0x00, 0x00, 0x00, 0x00, 0x00,
0x0A, 0xFF, 0xFF, 0xF4, 0xFF, 0xFF, 0xFF, 0x00, 0x00, 0x00, 0x00, 0x00, 0x00, 0x00, 0x00, 0x00,
0x00, 0x1D, 0xFF, 0xFF, 0xE2, 0xFF, 0xFF, 0xFF, 0x00, 0x00, 0x00, 0x00, 0x00, 0x00, 0x00, 0x00,
0x00, 0x00, 0x4E, 0xFF, 0xFF, 0xC5, 0xFF, 0xFF, 0xFF, 0x00, 0x00, 0x00, 0x00, 0x00, 0x00, 0x00,
0x00, 0x00, 0x00, 0x95, 0xFF, 0xFF, 0x89, 0xFF, 0xFF, 0xFF, 0x00, 0x00, 0x00, 0x00, 0x00, 0x00,
0x00, 0x00, 0x00, 0x12, 0xF2, 0xFF, 0xFF, 0x43, 0xFF, 0xFF, 0xFF, 0x00, 0x00, 0x00, 0x00, 0x00,
0x00, 0x00, 0x00, 0x00, 0xAA, 0xFF, 0xFF, 0xD4, 0x00, 0xFF, 0xFF, 0xFF, 0x00, 0x00, 0x00, 0x00,
0x00, 0x00, 0x00, 0x06, 0x9A, 0xFF, 0xFF, 0xFF, 0x51, 0x00, 0xFF, 0xFF, 0xFF, 0x00, 0x00, 0x00,
0x00, 0x0A, 0x26, 0x6B, 0xDB, 0xFF, 0xFF, 0xFF, 0x9B, 0x00, 0x00, 0xFF, 0xFF, 0xFF, 0xFF, 0xFF,
0xFF, 0xFF, 0xFF, 0xFF, 0xFF, 0xFF, 0xFF, 0xFF, 0xA8, 0x06, 0x00, 0x00, 0xF6, 0xFF, 0xFF, 0xFF,
0xFF, 0xFF, 0xFF, 0xFF, 0xFF, 0xFF, 0xFF, 0xF2, 0x77, 0x02, 0x00, 0x00, 0x00, 0x77, 0xF3, 0xFF,
0xFF, 0xFF, 0xFF, 0xFF, 0xF8, 0xE2, 0xBC, 0x70, 0x16, 0x00, 0x00, 0x00, 0x00, 0x00, 0x71, 0xF4,
0xFF, 0xFF, 0xFF, 0xFF, 0xFF, 0xFF, 0xFF, 0xF3, 0x56, 0x00, 0xF4, 0xFF, 0xFF, 0xFF, 0xFF, 0xFF,
0xFF, 0xFF, 0xFF, 0xFF, 0xBB, 0x00, 0xFF, 0xFF, 0xFF, 0xFF, 0xFF, 0xFF, 0xFF, 0xFF, 0xFF, 0xF1,
0x59, 0x00, 0xFF, 0xFF, 0xFF, 0x00, 0x00, 0x00, 0x00, 0x00, 0x00, 0x00, 0x00, 0x00, 0xFF, 0xFF,
0xFF, 0x00, 0x00, 0x00, 0x00, 0x00, 0x00, 0x00, 0x00, 0x00, 0xFF, 0xFF, 0xFF, 0x00, 0x00, 0x00,
0x00, 0x00, 0x00, 0x00, 0x00, 0x00, 0xFF, 0xFF, 0xFF, 0x00, 0x00, 0x00, 0x00, 0x00, 0x00, 0x00,
0x00, 0x00, 0xFF, 0xFF, 0xFF, 0x00, 0x00, 0x00, 0x00, 0x00, 0x00, 0x00, 0x00, 0x00, 0xFF, 0xFF,
0xFF, 0x00, 0x00, 0x00, 0x00, 0x00, 0x00, 0x00, 0x00, 0x00, 0xFF, 0xFF, 0xFF, 0x00, 0x00, 0x00,
0x00, 0x00, 0x00, 0x00, 0x00, 0x00, 0xFF, 0xFF, 0xFF, 0xFF, 0xFF, 0xFF, 0xFF, 0xFF, 0xFF, 0xD0,
0x17, 0x00, 0xFF, 0xFF, 0xFF, 0xFF, 0xFF, 0xFF, 0xFF, 0xFF, 0xFF, 0xFF, 0x5F, 0x00, 0xFF, 0xFF,
0xFF, 0xFF, 0xFF, 0xFF, 0xFF, 0xFF, 0xFF, 0xD2, 0x17, 0x00, 0xFF, 0xFF, 0xFF, 0x00, 0x00, 0x00,
0x00, 0x00, 0x00, 0x00, 0x00, 0x00, 0xFF, 0xFF, 0xFF, 0x00, 0x00, 0x00, 0x00, 0x00, 0x00, 0x00,
0x00, 0x00, 0xFF, 0xFF, 0xFF, 0x00, 0x00, 0x00, 0x00, 0x00, 0x00, 0x00, 0x00, 0x00, 0xFF, 0xFF,
0xFF, 0x00, 0x00, 0x00, 0x00, 0x00, 0x00, 0x00, 0x00, 0x00, 0xFF, 0xFF, 0xFF, 0x00, 0x00, 0x00,
0x00, 0x00, 0x00, 0x00, 0x00, 0x00, 0xFF, 0xFF, 0xFF, 0x00, 0x00, 0x00, 0x00, 0x00, 0x00, 0x00,
0x00, 0x00, 0xFF, 0xFF, 0xFF, 0xFF, 0xFF, 0xFF, 0xFF, 0xFF, 0xFF, 0xF9, 0x92, 0x00, 0xF3, 0xFF,
0xFF, 0xFF, 0xFF, 0xFF, 0xFF, 0xFF, 0xFF, 0xFF, 0xFF, 0x07, 0x72, 0xF5, 0xFF, 0xFF, 0xFF, 0xFF,
0xFF, 0xFF, 0xFF, 0xFB, 0x99, 0x00, 0x73, 0xF3, 0xFF, 0xFF, 0xFF, 0xFF, 0xFF, 0xFF, 0xFF, 0xF9,
0x84, 0xF5, 0xFF, 0xFF, 0xFF, 0xFF, 0xFF, 0xFF, 0xFF, 0xFF, 0xFF, 0xF6, 0xFF, 0xFF, 0xFF, 0xFF,
0xFF, 0xFF, 0xFF, 0xFF, 0xFF, 0xF8, 0x87, 0xFF, 0xFF, 0xFF, 0x00, 0x00, 0x00, 0x00, 0x00, 0x00,
0x00, 0x00, 0xFF, 0xFF, 0xFF, 0x00, 0x00, 0x00, 0x00, 0x00, 0x00, 0x00, 0x00, 0xFF, 0xFF, 0xFF,
0x00, 0x00, 0x00, 0x00, 0x00, 0x00, 0x00, 0x00, 0xFF, 0xFF, 0xFF, 0x00, 0x00, 0x00, 0x00, 0x00,
0x00, 0x00, 0x00, 0xFF, 0xFF, 0xFF, 0x00, 0x00, 0x00, 0x00, 0x00, 0x00, 0x00, 0x00, 0xFF, 0xFF,
0xFF, 0x00, 0x00, 0x00, 0x00, 0x00, 0x00, 0x00, 0x00, 0xFF, 0xFF, 0xFF, 0x00, 0x00, 0x00, 0x00,
0x00, 0x00, 0x00, 0x00, 0xFF, 0xFF, 0xFF, 0xFF, 0xFF, 0xFF, 0xFF, 0xFF, 0xFC, 0xB2, 0x05, 0xFF,
0xFF, 0xFF, 0xFF, 0xFF, 0xFF, 0xFF, 0xFF, 0xFF, 0xFF, 0x2F, 0xFF, 0xFF, 0xFF, 0xFF, 0xFF, 0xFF,
0xFF, 0xFF, 0xFD, 0xB5, 0x05, 0xFF, 0xFF, 0xFF, 0x00, 0x00, 0x00, 0x00, 0x00, 0x00, 0x00, 0x00,
0xFF, 0xFF, 0xFF, 0x00, 0x00, 0x00, 0x00, 0x00, 0x00, 0x00, 0x00, 0xFF, 0xFF, 0xFF, 0x00, 0x00,
0x00, 0x00, 0x00, 0x00, 0x00, 0x00, 0xFF, 0xFF, 0xFF, 0x00, 0x00, 0x00, 0x00, 0x00, 0x00, 0x00,
0x00, 0xFF, 0xFF, 0xFF, 0x00, 0x00, 0x00, 0x00, 0x00, 0x00, 0x00, 0x00, 0xFF, 0xFF, 0xFF, 0x00,
0x00, 0x00, 0x00, 0x00, 0x00, 0x00, 0x00, 0xFF, 0xFF, 0xFF, 0x00, 0x00, 0x00, 0x00, 0x00, 0x00,
0x00, 0x00, 0xF7, 0xFF, 0xF9, 0x00, 0x00, 0x00, 0x00, 0x00, 0x00, 0x00, 0x00, 0x7D, 0xF3, 0x87,
0x00, 0x00, 0x00, 0x00, 0x00, 0x00, 0x00, 0x00, 0x00, 0x00, 0x00, 0x00, 0x00, 0x07, 0x5A, 0xA7,
0xD9, 0xF0, 0xF9, 0xE7, 0xBB, 0x74, 0x17, 0x00, 0x00, 0x00, 0x00, 0x00, 0x00, 0x00, 0x00, 0x52,
0xDF, 0xFF, 0xFF, 0xFF, 0xFF, 0xFF, 0xFF, 0xFF, 0xFF, 0xF4, 0x79, 0x02, 0x00, 0x00, 0x00, 0x00,
0x00, 0x7E, 0xFF, 0xFF, 0xFF, 0xFF, 0xFF, 0xFF, 0xFF, 0xFF, 0xFF, 0xFF, 0xFF, 0xFF, 0xB6, 0x08,
0x00, 0x00, 0x00, 0x76, 0xFF, 0xFF, 0xFF, 0xDD, 0x6C, 0x26, 0x09, 0x11, 0x42, 0xA3, 0xFD, 0xFF,
0xFF, 0xFF, 0x88, 0x00, 0x00, 0x37, 0xFB, 0xFF, 0xFF, 0x9F, 0x07, 0x00, 0x00, 0x00, 0x00, 0x00,
0x00, 0x36, 0xDE, 0xFF, 0xFF, 0xBD, 0x00, 0x00, 0xBF, 0xFF, 0xFF, 0xAF, 0x01, 0x00, 0x00, 0x00,
0x00, 0x00, 0x00, 0x00, 0x00, 0x12, 0xB5, 0xEC, 0x48, 0x00, 0x33, 0xFF, 0xFF, 0xF4, 0x15, 0x00,
0x00, 0x00, 0x00, 0x00, 0x00, 0x00, 0x00, 0x00, 0x00, 0x00, 0x00, 0x00, 0x00, 0x80, 0xFF, 0xFF,
0x97, 0x00, 0x00, 0x00, 0x00, 0x00, 0x00, 0x00, 0x00, 0x00, 0x00, 0x00, 0x00, 0x00, 0x00, 0x00,
0xBE, 0xFF, 0xFF, 0x4E, 0x00, 0x00, 0x00, 0x00, 0x00, 0x00, 0x00, 0x00, 0x00, 0x00, 0x00, 0x00,
0x00, 0x00, 0x00, 0xE0, 0xFF, 0xFF, 0x1D, 0x00, 0x00, 0x00, 0x00, 0x00, 0x00, 0x00, 0x00, 0x00,
0x00, 0x00, 0x00, 0x00, 0x00, 0x00, 0xF4, 0xFF, 0xFF, 0x09, 0x00, 0x00, 0x00, 0x00, 0x00, 0x00,
0x01, 0xB0, 0xFD, 0xFF, 0xFF, 0xFF, 0xFF, 0xE6, 0x5B, 0xF9, 0xFF, 0xFF, 0x06, 0x00, 0x00, 0x00,
0x00, 0x00, 0x00, 0x18, 0xFF, 0xFF, 0xFF, 0xFF, 0xFF, 0xFF, 0xFF, 0xE3, 0xE6, 0xFF, 0xFF, 0x19,
0x00, 0x00, 0x00, 0x00, 0x00, 0x00, 0x01, 0xAC, 0xFD, 0xFF, 0xFF, 0xFF, 0xFF, 0xFF, 0xF9, 0xCC,
0xFF, 0xFF, 0x47, 0x00, 0x00, 0x00, 0x00, 0x00, 0x00, 0x00, 0x00, 0x00, 0x00, 0x00, 0x07, 0xFF,
0xFF, 0xE9, 0x92, 0xFF, 0xFF, 0x8E, 0x00, 0x00, 0x00, 0x00, 0x00, 0x00, 0x00, 0x00, 0x00, 0x00,
0x00, 0x1E, 0xFF, 0xFF, 0xCF, 0x4C, 0xFF, 0xFF, 0xEF, 0x0F, 0x00, 0x00, 0x00, 0x00, 0x00, 0x00,
0x00, 0x00, 0x00, 0x00, 0x61, 0xFF, 0xFF, 0x95, 0x02, 0xDB, 0xFF, 0xFF, 0xA5, 0x00, 0x00, 0x00,
0x00, 0x00, 0x00, 0x00, 0x00, 0x00, 0x0C, 0xDC, 0xFF, 0xFF, 0x49, 0x00, 0x59, 0xFF, 0xFF, 0xFF,
0x98, 0x06, 0x00, 0x00, 0x00, 0x00, 0x00, 0x00, 0x0E, 0xBB, 0xFF, 0xFF, 0xD5, 0x01, 0x00, 0x00,
0x9F, 0xFF, 0xFF, 0xFF, 0xDB, 0x6A, 0x25, 0x09, 0x0C, 0x2F, 0x7A, 0xE9, 0xFF, 0xFF, 0xFB, 0x3C,
0x00, 0x00, 0x00, 0x07, 0xA8, 0xFF, 0xFF, 0xFF, 0xFF, 0xFF, 0xFF, 0xFF, 0xFF, 0xFF, 0xFF, 0xFF,
0xFD, 0x66, 0x00, 0x00, 0x00, 0x00, 0x00, 0x01, 0x74, 0xF0, 0xFF, 0xFF, 0xFF, 0xFF, 0xFF, 0xFF,
0xFF, 0xFF, 0xE2, 0x4B, 0x00, 0x00, 0x00, 0x00, 0x00, 0x00, 0x00, 0x00, 0x13, 0x6C, 0xB6, 0xDF,
0xF6, 0xF4, 0xDF, 0xAD, 0x62, 0x07, 0x00, 0x00, 0x00, 0x00, 0x7C, 0xF2, 0x84, 0x00, 0x00, 0x00,
0x00, 0x00, 0x00, 0x00, 0x00, 0x00, 0x00, 0x00, 0x80, 0xF2, 0x7D, 0xF6, 0xFF, 0xF8, 0x00, 0x00,
0x00, 0x00, 0x00, 0x00, 0x00, 0x00, 0x00, 0x00, 0x00, 0xF8, 0xFF, 0xF6, 0xFF, 0xFF, 0xFF, 0x00,
0x00, 0x00, 0x00, 0x00, 0x00, 0x00, 0x00, 0x00, 0x00, 0x00, 0xFF, 0xFF, 0xFF, 0xFF, 0xFF, 0xFF,
0x00, 0x00, 0x00, 0x00, 0x00, 0x00, 0x00, 0x00, 0x00, 0x00, 0x00, 0xFF, 0xFF, 0xFF, 0xFF, 0xFF,
0xFF, 0x00, 0x00, 0x00, 0x00, 0x00, 0x00, 0x00, 0x00, 0x00, 0x00, 0x00, 0xFF, 0xFF, 0xFF, 0xFF,
0xFF, 0xFF, 0x00, 0x00, 0x00, 0x00, 0x00, 0x00, 0x00, 0x00, 0x00, 0x00, 0x00, 0xFF, 0xFF, 0xFF,
0xFF, 0xFF, 0xFF, 0x00, 0x00, 0x00, 0x00, 0x00, 0x00, 0x00, 0x00, 0x00, 0x00, 0x00, 0xFF, 0xFF,
0xFF, 0xFF, 0xFF, 0xFF, 0x00, 0x00, 0x00, 0x00, 0x00, 0x00, 0x00, 0x00, 0x00, 0x00, 0x00, 0xFF,
0xFF, 0xFF, 0xFF, 0xFF, 0xFF, 0x00, 0x00, 0x00, 0x00, 0x00, 0x00, 0x00, 0x00, 0x00, 0x00, 0x00,
0xFF, 0xFF, 0xFF, 0xFF, 0xFF, 0xFF, 0xFF, 0xFF, 0xFF, 0xFF, 0xFF, 0xFF, 0xFF, 0xFF, 0xFF, 0xFF,
0xFF, 0xFF, 0xFF, 0xFF, 0xFF, 0xFF, 0xFF, 0xFF, 0xFF, 0xFF, 0xFF, 0xFF, 0xFF, 0xFF, 0xFF, 0xFF,
0xFF, 0xFF, 0xFF, 0xFF, 0xFF, 0xFF, 0xFF, 0xFF, 0xFF, 0xFF, 0xFF, 0xFF, 0xFF, 0xFF, 0xFF, 0xFF,
0xFF, 0xFF, 0xFF, 0xFF, 0xFF, 0xFF, 0xFF, 0xFF, 0xFF, 0x00, 0x00, 0x00, 0x00, 0x00, 0x00, 0x00,
0x00, 0x00, 0x00, 0x00, 0xFF, 0xFF, 0xFF, 0xFF, 0xFF, 0xFF, 0x00, 0x00, 0x00, 0x00, 0x00, 0x00,
0x00, 0x00, 0x00, 0x00, 0x00, 0xFF, 0xFF, 0xFF, 0xFF, 0xFF, 0xFF, 0x00, 0x00, 0x00, 0x00, 0x00,
0x00, 0x00, 0x00, 0x00, 0x00, 0x00, 0xFF, 0xFF, 0xFF, 0xFF, 0xFF, 0xFF, 0x00, 0x00, 0x00, 0x00,
0x00, 0x00, 0x00, 0x00, 0x00, 0x00, 0x00, 0xFF, 0xFF, 0xFF, 0xFF, 0xFF, 0xFF, 0x00, 0x00, 0x00,
0x00, 0x00, 0x00, 0x00, 0x00, 0x00, 0x00, 0x00, 0xFF, 0xFF, 0xFF, 0xFF, 0xFF, 0xFF, 0x00, 0x00,
0x00, 0x00, 0x00, 0x00, 0x00, 0x00, 0x00, 0x00, 0x00, 0xFF, 0xFF, 0xFF, 0xFF, 0xFF, 0xFF, 0x00,
0x00, 0x00, 0x00, 0x00, 0x00, 0x00, 0x00, 0x00, 0x00, 0x00, 0xFF, 0xFF, 0xFF, 0xFF, 0xFF, 0xFF,
0x00, 0x00, 0x00, 0x00, 0x00, 0x00, 0x00, 0x00, 0x00, 0x00, 0x00, 0xFF, 0xFF, 0xFF, 0xF7, 0xFF,
0xF7, 0x00, 0x00, 0x00, 0x00, 0x00, 0x00, 0x00, 0x00, 0x00, 0x00, 0x00, 0xF7, 0xFF, 0xF7, 0x7F,
0xF3, 0x81, 0x00, 0x00, 0x00, 0x00, 0x00, 0x00, 0x00, 0x00, 0x00, 0x00, 0x00, 0x7E, 0xF3, 0x7F,
0x7C, 0xF2, 0x81, 0xF6, 0xFF, 0xF7, 0xFF, 0xFF, 0xFF, 0xFF, 0xFF, 0xFF, 0xFF, 0xFF, 0xFF, 0xFF,
0xFF, 0xFF, 0xFF, 0xFF, 0xFF, 0xFF, 0xFF, 0xFF, 0xFF, 0xFF, 0xFF, 0xFF, 0xFF, 0xFF, 0xFF, 0xFF,
0xFF, 0xFF, 0xFF, 0xFF, 0xFF, 0xFF, 0xFF, 0xFF, 0xFF, 0xFF, 0xFF, 0xFF, 0xFF, 0xFF, 0xFF, 0xFF,
0xFF, 0xFF, 0xFF, 0xFF, 0xFF, 0xFF, 0xFF, 0xFF, 0xFF, 0xFF, 0xFF, 0xFF, 0xF8, 0xFF, 0xF7, 0x85,
0xF4, 0x83, 0x00, 0x00, 0x00, 0x00, 0x00, 0x00, 0x00, 0x00, 0x7F, 0xF2, 0x81, 0x00, 0x00, 0x00,
0x00, 0x00, 0x00, 0x00, 0x00, 0xF7, 0xFF, 0xF7, 0x00, 0x00, 0x00, 0x00, 0x00, 0x00, 0x00, 0x00,
0xFF, 0xFF, 0xFF, 0x00, 0x00, 0x00, 0x00, 0x00, 0x00, 0x00, 0x00, 0xFF, 0xFF, 0xFF, 0x00, 0x00,
0x00, 0x00, 0x00, 0x00, 0x00, 0x00, 0xFF, 0xFF, 0xFF, 0x00, 0x00, 0x00, 0x00, 0x00, 0x00, 0x00,
0x00, 0xFF, 0xFF, 0xFF, 0x00, 0x00, 0x00, 0x00, 0x00, 0x00, 0x00, 0x00, 0xFF, 0xFF, 0xFF, 0x00,
0x00, 0x00, 0x00, 0x00, 0x00, 0x00, 0x00, 0xFF, 0xFF, 0xFF, 0x00, 0x00, 0x00, 0x00, 0x00, 0x00,
0x00, 0x00, 0xFF, 0xFF, 0xFF, 0x00, 0x00, 0x00, 0x00, 0x00, 0x00, 0x00, 0x00, 0xFF, 0xFF, 0xFF,
0x00, 0x00, 0x00, 0x00, 0x00, 0x00, 0x00, 0x00, 0xFF, 0xFF, 0xFF, 0x00, 0x00, 0x00, 0x00, 0x00,
0x00, 0x00, 0x00, 0xFF, 0xFF, 0xFF, 0x00, 0x00, 0x00, 0x00, 0x00, 0x00, 0x00, 0x00, 0xFF, 0xFF,
0xFF, 0x00, 0x00, 0x00, 0x00, 0x00, 0x00, 0x00, 0x00, 0xFF, 0xFF, 0xFF, 0x00, 0x00, 0x00, 0x00,
0x00, 0x00, 0x00, 0x00, 0xFF, 0xFF, 0xFF, 0x00, 0x00, 0x00, 0x00, 0x00, 0x00, 0x00, 0x00, 0xFF,
0xFF, 0xFF, 0x00, 0x00, 0x00, 0x00, 0x00, 0x00, 0x00, 0x09, 0xFF, 0xFF, 0xF7, 0x00, 0x00, 0x00,
0x00, 0x00, 0x00, 0x00, 0x3C, 0xFF, 0xFF, 0xDF, 0x2F, 0xE3, 0xE7, 0x8C, 0x28, 0x06, 0x3D, 0xD7,
0xFF, 0xFF, 0xA7, 0x74, 0xFF, 0xFF, 0xFF, 0xFF, 0xFF, 0xFF, 0xFF, 0xFF, 0xFF, 0x3C, 0x11, 0xC7,
0xFF, 0xFF, 0xFF, 0xFF, 0xFF, 0xFF, 0xFC, 0x6E, 0x00, 0x00, 0x03, 0x55, 0xB4, 0xE3, 0xF9, 0xE2,
0x9F, 0x2D, 0x00, 0x00, 0x83, 0xF2, 0x7D, 0x00, 0x00, 0x00, 0x00, 0x00, 0x00, 0x00, 0x00, 0x0A,
0xAB, 0xEB, 0x46, 0x00, 0xF8, 0xFF, 0xF7, 0x00, 0x00, 0x00, 0x00, 0x00, 0x00, 0x00, 0x11, 0xC6,
0xFF, 0xFF, 0xB6, 0x00, 0xFF, 0xFF, 0xFF, 0x00, 0x00, 0x00, 0x00, 0x00, 0x00, 0x1A, 0xD3, 0xFF,
0xFF, 0xFF, 0x64, 0x00, 0xFF, 0xFF, 0xFF, 0x00, 0x00, 0x00, 0x00, 0x00, 0x25, 0xDF, 0xFF, 0xFF,
0xFD, 0x6A, 0x00, 0x00, 0xFF, 0xFF, 0xFF, 0x00, 0x00, 0x00, 0x00, 0x31, 0xE9, 0xFF, 0xFF, 0xFA,
0x58, 0x00, 0x00, 0x00, 0xFF, 0xFF, 0xFF, 0x00, 0x00, 0x00, 0x3F, 0xF1, 0xFF, 0xFF, 0xF5, 0x47,
0x00, 0x00, 0x00, 0x00, 0xFF, 0xFF, 0xFF, 0x00, 0x00, 0x50, 0xF7, 0xFF, 0xFF, 0xEE, 0x39, 0x00,
0x00, 0x00, 0x00, 0x00, 0xFF, 0xFF, 0xFF, 0x00, 0x61, 0xFC, 0xFF, 0xFF, 0xE5, 0x2C, 0x00, 0x00,
0x00, 0x00, 0x00, 0x00, 0xFF, 0xFF, 0xFF, 0x75, 0xFF, 0xFF, 0xFF, 0xDB, 0x20, 0x00, 0x00, 0x00,
0x00, 0x00, 0x00, 0x00, 0xFF, 0xFF, 0xFF, 0xFF, 0xFF, 0xFF, 0xCF, 0x17, 0x00, 0x00, 0x00, 0x00,
0x00, 0x00, 0x00, 0x00, 0xFF, 0xFF, 0xFF, 0xFF, 0xFF, 0xF4, 0x17, 0x00, 0x00, 0x00, 0x00, 0x00,
0x00, 0x00, 0x00, 0x00, 0xFF, 0xFF, 0xFF, 0xFF, 0xFF, 0xFF, 0xB8, 0x08, 0x00, 0x00, 0x00, 0x00,
0x00, 0x00, 0x00, 0x00, 0xFF, 0xFF, 0xFF, 0x80, 0xFF, 0xFF, 0xFF, 0xB8, 0x08, 0x00, 0x00, 0x00,
0x00, 0x00, 0x00, 0x00, 0xFF, 0xFF, 0xFF, 0x00, 0x7F, 0xFF, 0xFF, 0xFF, 0xB8, 0x08, 0x00, 0x00,
0x00, 0x00, 0x00, 0x00, 0xFF, 0xFF, 0xFF, 0x00, 0x00, 0x7E, 0xFF, 0xFF, 0xFF, 0xB8, 0x08, 0x00,
0x00, 0x00, 0x00, 0x00, 0xFF, 0xFF, 0xFF, 0x00, 0x00, 0x00, 0x7D, 0xFF, 0xFF, 0xFF, 0xB9, 0x08,
0x00, 0x00, 0x00, 0x00, 0xFF, 0xFF, 0xFF, 0x00, 0x00, 0x00, 0x00, 0x7C, 0xFF, 0xFF, 0xFF, 0xB9,
0x08, 0x00, 0x00, 0x00, 0xFF, 0xFF, 0xFF, 0x00, 0x00, 0x00, 0x00, 0x00, 0x7C, 0xFF, 0xFF, 0xFF,
0xB9, 0x08, 0x00, 0x00, 0xFF, 0xFF, 0xFF, 0x00, 0x00, 0x00, 0x00, 0x00, 0x00, 0x7B, 0xFF, 0xFF,
0xFF, 0xBA, 0x08, 0x00, 0xFF, 0xFF, 0xFF, 0x00, 0x00, 0x00, 0x00, 0x00, 0x00, 0x00, 0x7A, 0xFF,
0xFF, 0xFF, 0xBA, 0x08, 0xF6, 0xFF, 0xF8, 0x00, 0x00, 0x00, 0x00, 0x00, 0x00, 0x00, 0x00, 0x79,
0xFF, 0xFF, 0xFF, 0x7C, 0x7F, 0xF3, 0x87, 0x00, 0x00, 0x00, 0x00, 0x00, 0x00, 0x00, 0x00, 0x00,
0x71, 0xEC, 0xE5, 0x39, 0x7C, 0xF2, 0x80, 0x00, 0x00, 0x00, 0x00, 0x00, 0x00, 0x00, 0x00, 0xF5,
0xFF, 0xF6, 0x00, 0x00, 0x00, 0x00, 0x00, 0x00, 0x00, 0x00, 0xFF, 0xFF, 0xFF, 0x00, 0x00, 0x00,
0x00, 0x00, 0x00, 0x00, 0x00, 0xFF, 0xFF, 0xFF, 0x00, 0x00, 0x00, 0x00, 0x00, 0x00, 0x00, 0x00,
0xFF, 0xFF, 0xFF, 0x00, 0x00, 0x00, 0x00, 0x00, 0x00, 0x00, 0x00, 0xFF, 0xFF, 0xFF, 0x00, 0x00,
0x00, 0x00, 0x00, 0x00, 0x00, 0x00, 0xFF, 0xFF, 0xFF, 0x00, 0x00, 0x00, 0x00, 0x00, 0x00, 0x00,
0x00, 0xFF, 0xFF, 0xFF, 0x00, 0x00, 0x00, 0x00, 0x00, 0x00, 0x00, 0x00, 0xFF, 0xFF, 0xFF, 0x00,
0x00, 0x00, 0x00, 0x00, 0x00, 0x00, 0x00, 0xFF, 0xFF, 0xFF, 0x00, 0x00, 0x00, 0x00, 0x00, 0x00,
0x00, 0x00, 0xFF, 0xFF, 0xFF, 0x00, 0x00, 0x00, 0x00, 0x00, 0x00, 0x00, 0x00, 0xFF, 0xFF, 0xFF,
0x00, 0x00, 0x00, 0x00, 0x00, 0x00, 0x00, 0x00, 0xFF, 0xFF, 0xFF, 0x00, 0x00, 0x00, 0x00, 0x00,
0x00, 0x00, 0x00, 0xFF, 0xFF, 0xFF, 0x00, 0x00, 0x00, 0x00, 0x00, 0x00, 0x00, 0x00, 0xFF, 0xFF,
0xFF, 0x00, 0x00, 0x00, 0x00, 0x00, 0x00, 0x00, 0x00, 0xFF, 0xFF, 0xFF, 0x00, 0x00, 0x00, 0x00,
0x00, 0x00, 0x00, 0x00, 0xFF, 0xFF, 0xFF, 0x00, 0x00, 0x00, 0x00, 0x00, 0x00, 0x00, 0x00, 0xFF,
0xFF, 0xFF, 0x00, 0x00, 0x00, 0x00, 0x00, 0x00, 0x00, 0x00, 0xFF, 0xFF, 0xFF, 0x00, 0x00, 0x00,
0x00, 0x00, 0x00, 0x00, 0x00, 0xFF, 0xFF, 0xFF, 0xFF, 0xFF, 0xFF, 0xFF, 0xFF, 0xFB, 0xA9, 0x01,
0xEF, 0xFF, 0xFF, 0xFF, 0xFF, 0xFF, 0xFF, 0xFF, 0xFF, 0xFF, 0x1C, 0x63, 0xED, 0xFF, 0xFF, 0xFF,
0xFF, 0xFF, 0xFF, 0xFD, 0xAD, 0x01, 0x00, 0x00, 0x00, 0x00, 0x29, 0xC8, 0xF5, 0xB6, 0x0F, 0x00,
0x00, 0x00, 0x00, 0x00, 0x00, 0x00, 0x00, 0x1A, 0xC1, 0xF5, 0xC6, 0x25, 0x00, 0x00, 0x00, 0x00,
0x00, 0x00, 0x00, 0xCB, 0xFF, 0xFF, 0xFF, 0x91, 0x00, 0x00, 0x00, 0x00, 0x00, 0x00, 0x00, 0x00,
0xA9, 0xFF, 0xFF, 0xFF, 0xBF, 0x00, 0x00, 0x00, 0x00, 0x00, 0x00, 0x10, 0xFF, 0xFF, 0xFF, 0xFF,
0xE9, 0x02, 0x00, 0x00, 0x00, 0x00, 0x00, 0x00, 0x0A, 0xF7, 0xFF, 0xFF, 0xFF, 0xFC, 0x06, 0x00,
0x00, 0x00, 0x00, 0x00, 0x3B, 0xFF, 0xFF, 0xFF, 0xFF, 0xFF, 0x38, 0x00, 0x00, 0x00, 0x00, 0x00,
0x00, 0x4F, 0xFF, 0xFF, 0xFF, 0xFF, 0xFF, 0x2D, 0x00, 0x00, 0x00, 0x00, 0x00, 0x66, 0xFF, 0xFF,
0xFF, 0xFF, 0xFF, 0x85, 0x00, 0x00, 0x00, 0x00, 0x00, 0x00, 0x9C, 0xFF, 0xFF, 0xFF, 0xFF, 0xFF,
0x57, 0x00, 0x00, 0x00, 0x00, 0x00, 0x91, 0xFF, 0xFF, 0xC7, 0xFF, 0xFF, 0xD2, 0x00, 0x00, 0x00,
0x00, 0x00, 0x01, 0xE7, 0xFF, 0xFF, 0xC0, 0xFF, 0xFF, 0x82, 0x00, 0x00, 0x00, 0x00, 0x00, 0xBC,
0xFF, 0xFF, 0x59, 0xF6, 0xFF, 0xFF, 0x1F, 0x00, 0x00, 0x00, 0x00, 0x36, 0xFF, 0xFF, 0xEB, 0x5E,
0xFF, 0xFF, 0xAC, 0x00, 0x00, 0x00, 0x00, 0x00, 0xE7, 0xFF, 0xFF, 0x24, 0xB3, 0xFF, 0xFF, 0x6B,
0x00, 0x00, 0x00, 0x00, 0x83, 0xFF, 0xFF, 0xA0, 0x31, 0xFF, 0xFF, 0xD7, 0x00, 0x00, 0x00, 0x00,
0x12, 0xFF, 0xFF, 0xF7, 0x02, 0x66, 0xFF, 0xFF, 0xB8, 0x00, 0x00, 0x00, 0x00, 0xD0, 0xFF, 0xFF,
0x53, 0x08, 0xFD, 0xFF, 0xFB, 0x06, 0x00, 0x00, 0x00, 0x3D, 0xFF, 0xFF, 0xCE, 0x00, 0x1A, 0xFE,
0xFF, 0xF8, 0x0C, 0x00, 0x00, 0x1D, 0xFF, 0xFF, 0xF9, 0x0D, 0x00, 0xDC, 0xFF, 0xFF, 0x2C, 0x00,
0x00, 0x00, 0x68, 0xFF, 0xFF, 0xA3, 0x00, 0x00, 0xCD, 0xFF, 0xFF, 0x52, 0x00, 0x00, 0x69, 0xFF,
0xFF, 0xBA, 0x00, 0x00, 0xB1, 0xFF, 0xFF, 0x56, 0x00, 0x00, 0x00, 0x94, 0xFF, 0xFF, 0x78, 0x00,
0x00, 0x80, 0xFF, 0xFF, 0x9E, 0x00, 0x00, 0xB6, 0xFF, 0xFF, 0x6D, 0x00, 0x00, 0x87, 0xFF, 0xFF,
0x81, 0x00, 0x00, 0x00, 0xBF, 0xFF, 0xFF, 0x4D, 0x00, 0x00, 0x33, 0xFF, 0xFF, 0xE9, 0x02, 0x0B,
0xF8, 0xFF, 0xFF, 0x20, 0x00, 0x00, 0x5C, 0xFF, 0xFF, 0xAB, 0x00, 0x00, 0x00, 0xEA, 0xFF, 0xFF,
0x21, 0x00, 0x00, 0x01, 0xE5, 0xFF, 0xFF, 0x38, 0x50, 0xFF, 0xFF, 0xD3, 0x00, 0x00, 0x00, 0x32,
0xFF, 0xFF, 0xD5, 0x00, 0x00, 0x15, 0xFF, 0xFF, 0xF5, 0x01, 0x00, 0x00, 0x00, 0x9A, 0xFF, 0xFF,
0x85, 0x9D, 0xFF, 0xFF, 0x86, 0x00, 0x00, 0x00, 0x09, 0xFD, 0xFF, 0xFA, 0x05, 0x00, 0x40, 0xFF,
0xFF, 0xCB, 0x00, 0x00, 0x00, 0x00, 0x4D, 0xFF, 0xFF, 0xD3, 0xE8, 0xFF, 0xFF, 0x39, 0x00, 0x00,
0x00, 0x00, 0xDD, 0xFF, 0xFF, 0x2A, 0x00, 0x6B, 0xFF, 0xFF, 0xA0, 0x00, 0x00, 0x00, 0x00, 0x09,
0xF6, 0xFF, 0xFF, 0xFF, 0xFF, 0xEA, 0x02, 0x00, 0x00, 0x00, 0x00, 0xB2, 0xFF, 0xFF, 0x55, 0x00,
0x96, 0xFF, 0xFF, 0x75, 0x00, 0x00, 0x00, 0x00, 0x00, 0xB3, 0xFF, 0xFF, 0xFF, 0xFF, 0x9F, 0x00,
0x00, 0x00, 0x00, 0x00, 0x88, 0xFF, 0xFF, 0x7F, 0x00, 0xC1, 0xFF, 0xFF, 0x4A, 0x00, 0x00, 0x00,
0x00, 0x00, 0x67, 0xFF, 0xFF, 0xFF, 0xFF, 0x52, 0x00, 0x00, 0x00, 0x00, 0x00, 0x5D, 0xFF, 0xFF,
0xAA, 0x00, 0xEC, 0xFF, 0xFF, 0x1E, 0x00, 0x00, 0x00, 0x00, 0x00, 0x1B, 0xFF, 0xFF, 0xFF, 0xF9,
0x0C, 0x00, 0x00, 0x00, 0x00, 0x00, 0x33, 0xFF, 0xFF, 0xD4, 0x0E, 0xFF, 0xFF, 0xF1, 0x01, 0x00,
0x00, 0x00, 0x00, 0x00, 0x00, 0xCD, 0xFF, 0xFF, 0xB8, 0x00, 0x00, 0x00, 0x00, 0x00, 0x00, 0x0A,
0xFB, 0xFF, 0xF7, 0x00, 0xAB, 0xF6, 0x82, 0x00, 0x00, 0x00, 0x00, 0x00, 0x00, 0x00, 0x4E, 0xEB,
0xEA, 0x40, 0x00, 0x00, 0x00, 0x00, 0x00, 0x00, 0x00, 0x8A, 0xF6, 0x97, 0x6E, 0xF1, 0xC3, 0x16,
0x00, 0x00, 0x00, 0x00, 0x00, 0x00, 0x00, 0x00, 0x00, 0x00, 0x82, 0xF3, 0x80, 0xF5, 0xFF, 0xFF,
0xB8, 0x01, 0x00, 0x00, 0x00, 0x00, 0x00, 0x00, 0x00, 0x00, 0x00, 0xF7, 0xFF, 0xF7, 0xFF, 0xFF,
0xFF, 0xFF, 0x6F, 0x00, 0x00, 0x00, 0x00, 0x00, 0x00, 0x00, 0x00, 0x00, 0xFF, 0xFF, 0xFF, 0xFF,
0xFF, 0xFF, 0xFF, 0xF7, 0x2C, 0x00, 0x00, 0x00, 0x00, 0x00, 0x00, 0x00, 0x00, 0xFF, 0xFF, 0xFF,
0xFF, 0xFF, 0xFF, 0xFF, 0xFF, 0xD2, 0x07, 0x00, 0x00, 0x00, 0x00, 0x00, 0x00, 0x00, 0xFF, 0xFF,
0xFF, 0xFF, 0xFF, 0xFF, 0xFF, 0xFF, 0xFF, 0x8F, 0x00, 0x00, 0x00, 0x00, 0x00, 0x00, 0x00, 0xFE,
0xFF, 0xFF, 0xFF, 0xFF, 0xF8, 0xA3, 0xFF, 0xFF, 0xFE, 0x46, 0x00, 0x00, 0x00, 0x00, 0x00, 0x00,
0xFE, 0xFF, 0xFF, 0xFF, 0xFF, 0xF8, 0x0D, 0xDB, 0xFF, 0xFF, 0xE6, 0x14, 0x00, 0x00, 0x00, 0x00,
0x00, 0xFD, 0xFF, 0xFF, 0xFF, 0xFF, 0xF9, 0x00, 0x34, 0xFA, 0xFF, 0xFF, 0xAF, 0x00, 0x00, 0x00,
0x00, 0x00, 0xFC, 0xFF, 0xFF, 0xFF, 0xFF, 0xF9, 0x00, 0x00, 0x75, 0xFF, 0xFF, 0xFF, 0x66, 0x00,
0x00, 0x00, 0x00, 0xFC, 0xFF, 0xFF, 0xFF, 0xFF, 0xFA, 0x00, 0x00, 0x01, 0xB9, 0xFF, 0xFF, 0xF5,
0x26, 0x00, 0x00, 0x00, 0xFB, 0xFF, 0xFF, 0xFF, 0xFF, 0xFA, 0x00, 0x00, 0x00, 0x18, 0xE9, 0xFF,
0xFF, 0xCB, 0x05, 0x00, 0x00, 0xFB, 0xFF, 0xFF, 0xFF, 0xFF, 0xFB, 0x00, 0x00, 0x00, 0x00, 0x49,
0xFE, 0xFF, 0xFF, 0x86, 0x00, 0x00, 0xFA, 0xFF, 0xFF, 0xFF, 0xFF, 0xFB, 0x00, 0x00, 0x00, 0x00,
0x00, 0x8E, 0xFF, 0xFF, 0xFD, 0x3E, 0x00, 0xFA, 0xFF, 0xFF, 0xFF, 0xFF, 0xFC, 0x00, 0x00, 0x00,
0x00, 0x00, 0x06, 0xCD, 0xFF, 0xFF, 0xE1, 0x10, 0xF9, 0xFF, 0xFF, 0xFF, 0xFF, 0xFC, 0x00, 0x00,
0x00, 0x00, 0x00, 0x00, 0x26, 0xF3, 0xFF, 0xFF, 0xA7, 0xF9, 0xFF, 0xFF, 0xFF, 0xFF, 0xFD, 0x00,
0x00, 0x00, 0x00, 0x00, 0x00, 0x00, 0x60, 0xFF, 0xFF, 0xFF, 0xFF, 0xFF, 0xFF, 0xFF, 0xFF, 0xFE,
0x00, 0x00, 0x00, 0x00, 0x00, 0x00, 0x00, 0x00, 0xA6, 0xFF, 0xFF, 0xFF, 0xFF, 0xFF, 0xFF, 0xFF,
0xFE, 0x00, 0x00, 0x00, 0x00, 0x00, 0x00, 0x00, 0x00, 0x0E, 0xDE, 0xFF, 0xFF, 0xFF, 0xFF, 0xFF,
0xFF, 0xFF, 0x00, 0x00, 0x00, 0x00, 0x00, 0x00, 0x00, 0x00, 0x00, 0x37, 0xFB, 0xFF, 0xFF, 0xFF,
0xF8, 0xFF, 0xF8, 0x00, 0x00, 0x00, 0x00, 0x00, 0x00, 0x00, 0x00, 0x00, 0x00, 0x79, 0xFF, 0xFF,
0xF8, 0x84, 0xF3, 0x83, 0x00, 0x00, 0x00, 0x00, 0x00, 0x00, 0x00, 0x00, 0x00, 0x00, 0x02, 0xA6,
0xF5, 0x88, 0x00, 0x00, 0x00, 0x00, 0x00, 0x0B, 0x60, 0xAD, 0xDB, 0xF3, 0xF4, 0xDC, 0xAD, 0x5F,
0x0A, 0x00, 0x00, 0x00, 0x00, 0x00, 0x00, 0x00, 0x00, 0x00, 0x5B, 0xE5, 0xFF, 0xFF, 0xFF, 0xFF,
0xFF, 0xFF, 0xFF, 0xFF, 0xE3, 0x56, 0x00, 0x00, 0x00, 0x00, 0x00, 0x00, 0x01, 0x89, 0xFF, 0xFF,
0xFF, 0xFF, 0xFF, 0xFF, 0xFF, 0xFF, 0xFF, 0xFF, 0xFF, 0xFF, 0x82, 0x00, 0x00, 0x00, 0x00, 0x00,
0x81, 0xFF, 0xFF, 0xFF, 0xDF, 0x6F, 0x2A, 0x0C, 0x0B, 0x27, 0x6D, 0xDD, 0xFF, 0xFF, 0xFF, 0x79,
0x00, 0x00, 0x00, 0x3F, 0xFD, 0xFF, 0xFF, 0x9C, 0x07, 0x00, 0x00, 0x00, 0x00, 0x00, 0x00, 0x06,
0x9B, 0xFF, 0xFF, 0xFC, 0x3A, 0x00, 0x00, 0xC8, 0xFF, 0xFF, 0xA9, 0x00, 0x00, 0x00, 0x00, 0x00,
0x00, 0x00, 0x00, 0x00, 0x00, 0xAA, 0xFF, 0xFF, 0xC3, 0x00, 0x3C, 0xFF, 0xFF, 0xF1, 0x11, 0x00,
0x00, 0x00, 0x00, 0x00, 0x00, 0x00, 0x00, 0x00, 0x00, 0x12, 0xF2, 0xFF, 0xFF, 0x38, 0x87, 0xFF,
0xFF, 0x92, 0x00, 0x00, 0x00, 0x00, 0x00, 0x00, 0x00, 0x00, 0x00, 0x00, 0x00, 0x00, 0x92, 0xFF,
0xFF, 0x84, 0xC6, 0xFF, 0xFF, 0x4A, 0x00, 0x00, 0x00, 0x00, 0x00, 0x00, 0x00, 0x00, 0x00, 0x00,
0x00, 0x00, 0x4C, 0xFF, 0xFF, 0xC3, 0xE4, 0xFF, 0xFF, 0x1A, 0x00, 0x00, 0x00, 0x00, 0x00, 0x00,
0x00, 0x00, 0x00, 0x00, 0x00, 0x00, 0x1C, 0xFF, 0xFF, 0xE2, 0xF7, 0xFF, 0xFF, 0x08, 0x00, 0x00,
0x00, 0x00, 0x00, 0x00, 0x00, 0x00, 0x00, 0x00, 0x00, 0x00, 0x09, 0xFF, 0xFF, 0xF6, 0xF6, 0xFF,
0xFF, 0x08, 0x00, 0x00, 0x00, 0x00, 0x00, 0x00, 0x00, 0x00, 0x00, 0x00, 0x00, 0x00, 0x08, 0xFF,
0xFF, 0xF5, 0xE2, 0xFF, 0xFF, 0x1B, 0x00, 0x00, 0x00, 0x00, 0x00, 0x00, 0x00, 0x00, 0x00, 0x00,
0x00, 0x00, 0x1B, 0xFF, 0xFF, 0xE2, 0xC3, 0xFF, 0xFF, 0x4B, 0x00, 0x00, 0x00, 0x00, 0x00, 0x00,
0x00, 0x00, 0x00, 0x00, 0x00, 0x00, 0x4A, 0xFF, 0xFF, 0xC3, 0x84, 0xFF, 0xFF, 0x94, 0x00, 0x00,
0x00, 0x00, 0x00, 0x00, 0x00, 0x00, 0x00, 0x00, 0x00, 0x00, 0x90, 0xFF, 0xFF, 0x84, 0x38, 0xFF,
0xFF, 0xF2, 0x13, 0x00, 0x00, 0x00, 0x00, 0x00, 0x00, 0x00, 0x00, 0x00, 0x00, 0x0F, 0xEF, 0xFF,
0xFF, 0x38, 0x00, 0xC4, 0xFF, 0xFF, 0xAC, 0x00, 0x00, 0x00, 0x00, 0x00, 0x00, 0x00, 0x00, 0x00,
0x00, 0xA3, 0xFF, 0xFF, 0xC4, 0x00, 0x00, 0x3C, 0xFC, 0xFF, 0xFF, 0x9E, 0x07, 0x00, 0x00, 0x00,
0x00, 0x00, 0x00, 0x05, 0x94, 0xFF, 0xFF, 0xFC, 0x3C, 0x00, 0x00, 0x00, 0x7C, 0xFF, 0xFF, 0xFF,
0xDF, 0x6F, 0x28, 0x0B, 0x0A, 0x25, 0x6A, 0xD9, 0xFF, 0xFF, 0xFF, 0x7C, 0x00, 0x00, 0x00, 0x00,
0x00, 0x87, 0xFF, 0xFF, 0xFF, 0xFF, 0xFF, 0xFF, 0xFF, 0xFF, 0xFF, 0xFF, 0xFF, 0xFF, 0x87, 0x00,
0x00, 0x00, 0x00, 0x00, 0x00, 0x00, 0x59, 0xE4, 0xFF, 0xFF, 0xFF, 0xFF, 0xFF, 0xFF, 0xFF, 0xFF,
0xE4, 0x59, 0x00, 0x00, 0x00, 0x00, 0x00, 0x00, 0x00, 0x00, 0x00, 0x0A, 0x5F, 0xAE, 0xDD, 0xF4,
0xF4, 0xDD, 0xAF, 0x60, 0x0A, 0x00, 0x00, 0x00, 0x00, 0x00, 0x72, 0xF2, 0xFF, 0xFF, 0xFF, 0xFF,
0xFF, 0xF3, 0xD5, 0x90, 0x21, 0x00, 0x00, 0x00, 0xF4, 0xFF, 0xFF, 0xFF, 0xFF, 0xFF, 0xFF, 0xFF,
0xFF, 0xFF, 0xFA, 0x6B, 0x00, 0x00, 0xFF, 0xFF, 0xFF, 0xFF, 0xFF, 0xFF, 0xFF, 0xFF, 0xFF, 0xFF,
0xFF, 0xFF, 0x6D, 0x00, 0xFF, 0xFF, 0xFF, 0x00, 0x00, 0x00, 0x00, 0x12, 0x5B, 0xE2, 0xFF, 0xFF,
0xFA, 0x22, 0xFF, 0xFF, 0xFF, 0x00, 0x00, 0x00, 0x00, 0x00, 0x00, 0x19, 0xE1, 0xFF, 0xFF, 0x91,
0xFF, 0xFF, 0xFF, 0x00, 0x00, 0x00, 0x00, 0x00, 0x00, 0x00, 0x57, 0xFF, 0xFF, 0xD6, 0xFF, 0xFF,
0xFF, 0x00, 0x00, 0x00, 0x00, 0x00, 0x00, 0x00, 0x0F, 0xFF, 0xFF, 0xF4, 0xFF, 0xFF, 0xFF, 0x00,
0x00, 0x00, 0x00, 0x00, 0x00, 0x00, 0x0B, 0xFF, 0xFF, 0xF5, 0xFF, 0xFF, 0xFF, 0x00, 0x00, 0x00,
0x00, 0x00, 0x00, 0x00, 0x4D, 0xFF, 0xFF, 0xD9, 0xFF, 0xFF, 0xFF, 0x00, 0x00, 0x00, 0x00, 0x00,
0x00, 0x12, 0xD8, 0xFF, 0xFF, 0x98, 0xFF, 0xFF, 0xFF, 0x00, 0x00, 0x00, 0x00, 0x10, 0x55, 0xDC,
0xFF, 0xFF, 0xFD, 0x2B, 0xFF, 0xFF, 0xFF, 0xFF, 0xFF, 0xFF, 0xFF, 0xFF, 0xFF, 0xFF, 0xFF, 0xFF,
0x7E, 0x00, 0xFF, 0xFF, 0xFF, 0xFF, 0xFF, 0xFF, 0xFF, 0xFF, 0xFF, 0xFF, 0xFD, 0x7E, 0x01, 0x00,
0xFF, 0xFF, 0xFF, 0xFF, 0xFF, 0xFF, 0xFF, 0xF5, 0xD8, 0x96, 0x29, 0x00, 0x00, 0x00, 0xFF, 0xFF,
0xFF, 0x00, 0x00, 0x00, 0x00, 0x00, 0x00, 0x00, 0x00, 0x00, 0x00, 0x00, 0xFF, 0xFF, 0xFF, 0x00,
0x00, 0x00, 0x00, 0x00, 0x00, 0x00, 0x00, 0x00, 0x00, 0x00, 0xFF, 0xFF, 0xFF, 0x00, 0x00, 0x00,
0x00, 0x00, 0x00, 0x00, 0x00, 0x00, 0x00, 0x00, 0xFF, 0xFF, 0xFF, 0x00, 0x00, 0x00, 0x00, 0x00,
0x00, 0x00, 0x00, 0x00, 0x00, 0x00, 0xFF, 0xFF, 0xFF, 0x00, 0x00, 0x00, 0x00, 0x00, 0x00, 0x00,
0x00, 0x00, 0x00, 0x00, 0xFF, 0xFF, 0xFF, 0x00, 0x00, 0x00, 0x00, 0x00, 0x00, 0x00, 0x00, 0x00,
0x00, 0x00, 0xF6, 0xFF, 0xF8, 0x00, 0x00, 0x00, 0x00, 0x00, 0x00, 0x00, 0x00, 0x00, 0x00, 0x00,
0x7C, 0xF3, 0x83, 0x00, 0x00, 0x00, 0x00, 0x00, 0x00, 0x00, 0x00, 0x00, 0x00, 0x00, 0x00, 0x00,
0x00, 0x00, 0x00, 0x0B, 0x60, 0xAD, 0xDB, 0xF3, 0xF4, 0xDB, 0xAD, 0x5E, 0x0A, 0x00, 0x00, 0x00,
0x00, 0x00, 0x00, 0x00, 0x00, 0x00, 0x00, 0x5B, 0xE5, 0xFF, 0xFF, 0xFF, 0xFF, 0xFF, 0xFF, 0xFF,
0xFF, 0xE2, 0x55, 0x00, 0x00, 0x00, 0x00, 0x00, 0x00, 0x00, 0x01, 0x89, 0xFF, 0xFF, 0xFF, 0xFF,
0xFF, 0xFF, 0xFF, 0xFF, 0xFF, 0xFF, 0xFF, 0xFF, 0x80, 0x00, 0x00, 0x00, 0x00, 0x00, 0x00, 0x81,
0xFF, 0xFF, 0xFF, 0xDF, 0x6F, 0x2A, 0x0C, 0x0B, 0x29, 0x72, 0xE2, 0xFF, 0xFF, 0xFF, 0x75, 0x00,
0x00, 0x00, 0x00, 0x3F, 0xFD, 0xFF, 0xFF, 0x9C, 0x07, 0x00, 0x00, 0x00, 0x00, 0x00, 0x00, 0x0B,
0xAB, 0xFF, 0xFF, 0xFA, 0x35, 0x00, 0x00, 0x00, 0xC8, 0xFF, 0xFF, 0xA8, 0x00, 0x00, 0x00, 0x00,
0x00, 0x00, 0x00, 0x00, 0x00, 0x04, 0xBE, 0xFF, 0xFF, 0xBC, 0x00, 0x00, 0x3C, 0xFF, 0xFF, 0xF0,
0x10, 0x00, 0x00, 0x00, 0x00, 0x00, 0x00, 0x00, 0x00, 0x00, 0x00, 0x22, 0xFB, 0xFF, 0xFF, 0x2F,
0x00, 0x87, 0xFF, 0xFF, 0x8F, 0x00, 0x00, 0x00, 0x00, 0x00, 0x00, 0x00, 0x00, 0x00, 0x00, 0x00,
0x00, 0xAD, 0xFF, 0xFF, 0x7C, 0x00, 0xC6, 0xFF, 0xFF, 0x48, 0x00, 0x00, 0x00, 0x00, 0x00, 0x00,
0x00, 0x00, 0x00, 0x00, 0x00, 0x00, 0x5D, 0xFF, 0xFF, 0xBA, 0x00, 0xE4, 0xFF, 0xFF, 0x19, 0x00,
0x00, 0x00, 0x00, 0x00, 0x00, 0x00, 0x00, 0x00, 0x00, 0x00, 0x00, 0x29, 0xFF, 0xFF, 0xDE, 0x00,
0xF7, 0xFF, 0xFF, 0x07, 0x00, 0x00, 0x00, 0x00, 0x00, 0x00, 0x00, 0x00, 0x00, 0x00, 0x00, 0x00,
0x11, 0xFF, 0xFF, 0xF1, 0x00, 0xF6, 0xFF, 0xFF, 0x09, 0x00, 0x00, 0x00, 0x00, 0x00, 0x00, 0x00,
0x00, 0x00, 0x00, 0x00, 0x00, 0x03, 0xFF, 0xFF, 0xFB, 0x00, 0xE3, 0xFF, 0xFF, 0x1D, 0x00, 0x00,
0x00, 0x00, 0x00, 0x00, 0x00, 0x00, 0x00, 0x00, 0x00, 0x00, 0x0A, 0xFF, 0xFF, 0xF0, 0x00, 0xC4,
0xFF, 0xFF, 0x4E, 0x00, 0x00, 0x00, 0x00, 0x00, 0x00, 0x00, 0x00, 0x00, 0x00, 0x00, 0x00, 0x27,
0xFF, 0xFF, 0xD6, 0x00, 0x87, 0xFF, 0xFF, 0x99, 0x00, 0x00, 0x00, 0x00, 0x00, 0x00, 0x26, 0xE4,
0xF2, 0x90, 0x08, 0x00, 0x78, 0xFF, 0xFF, 0xA2, 0x00, 0x3D, 0xFF, 0xFF, 0xF5, 0x16, 0x00, 0x00,
0x00, 0x00, 0x00, 0x37, 0xFE, 0xFF, 0xFF, 0xD5, 0x40, 0xEC, 0xFF, 0xFF, 0x45, 0x00, 0x00, 0xCC,
0xFF, 0xFF, 0xB2, 0x01, 0x00, 0x00, 0x00, 0x00, 0x00, 0x47, 0xE4, 0xFF, 0xFF, 0xFF, 0xFF, 0xFF,
0xCE, 0x01, 0x00, 0x00, 0x45, 0xFE, 0xFF, 0xFF, 0xA5, 0x09, 0x00, 0x00, 0x00, 0x00, 0x00, 0x11,
0xA5, 0xFF, 0xFF, 0xFF, 0xFF, 0x46, 0x00, 0x00, 0x00, 0x00, 0x8A, 0xFF, 0xFF, 0xFF, 0xE2, 0x73,
0x2B, 0x0D, 0x04, 0x19, 0x59, 0xC7, 0xFF, 0xFF, 0xFF, 0xFF, 0x69, 0x00, 0x00, 0x00, 0x00, 0x02,
0x96, 0xFF, 0xFF, 0xFF, 0xFF, 0xFF, 0xFF, 0xFF, 0xFF, 0xFF, 0xFF, 0xFF, 0xFE, 0xFF, 0xFF, 0xFB,
0x47, 0x00, 0x00, 0x00, 0x00, 0x00, 0x66, 0xEB, 0xFF, 0xFF, 0xFF, 0xFF, 0xFF, 0xFF, 0xFF, 0xFF,
0xB5, 0x25, 0xC9, 0xFF, 0xFF, 0xF1, 0x20, 0x00, 0x00, 0x00, 0x00, 0x00, 0x0F, 0x67, 0xB5, 0xDF,
0xF6, 0xF6, 0xE0, 0xA8, 0x43, 0x00, 0x00, 0x18, 0xE1, 0xFF, 0xE0, 0x1E, 0x00, 0x00, 0x00, 0x00,
0x00, 0x00, 0x00, 0x00, 0x00, 0x00, 0x00, 0x00, 0x00, 0x00, 0x00, 0x00, 0x00, 0x11, 0x05, 0x00,
0x00, 0x71, 0xF3, 0xFF, 0xFF, 0xFF, 0xFF, 0xFF, 0xF5, 0xDA, 0x99, 0x2D, 0x00, 0x00, 0x00, 0xF5,
0xFF, 0xFF, 0xFF, 0xFF, 0xFF, 0xFF, 0xFF, 0xFF, 0xFF, 0xFE, 0x83, 0x01, 0x00, 0xFF, 0xFF, 0xFF,
0xFF, 0xFF, 0xFF, 0xFF, 0xFF, 0xFF, 0xFF, 0xFF, 0xFF, 0x88, 0x00, 0xFF, 0xFF, 0xFF, 0x00, 0x00,
0x00, 0x00, 0x0E, 0x4F, 0xD6, 0xFF, 0xFF, 0xFE, 0x35, 0xFF, 0xFF, 0xFF, 0x00, 0x00, 0x00, 0x00,
0x00, 0x00, 0x0D, 0xD4, 0xFF, 0xFF, 0xA2, 0xFF, 0xFF, 0xFF, 0x00, 0x00, 0x00, 0x00, 0x00, 0x00,
0x00, 0x4A, 0xFF, 0xFF, 0xE1, 0xFF, 0xFF, 0xFF, 0x00, 0x00, 0x00, 0x00, 0x00, 0x00, 0x00, 0x0B,
0xFF, 0xFF, 0xF9, 0xFF, 0xFF, 0xFF, 0x00, 0x00, 0x00, 0x00, 0x00, 0x00, 0x00, 0x0C, 0xFF, 0xFF,
0xF2, 0xFF, 0xFF, 0xFF, 0x00, 0x00, 0x00, 0x00, 0x00, 0x00, 0x00, 0x49, 0xFF, 0xFF, 0xD5, 0xFF,
0xFF, 0xFF, 0x00, 0x00, 0x00, 0x00, 0x00, 0x00, 0x08, 0xCD, 0xFF, 0xFF, 0x95, 0xFF, 0xFF, 0xFF,
0x00, 0x00, 0x00, 0x00, 0x06, 0x3C, 0xC8, 0xFF, 0xFF, 0xF1, 0x22, 0xFF, 0xFF, 0xFF, 0xFF, 0xFF,
0xFF, 0xFF, 0xFF, 0xFF, 0xFF, 0xFF, 0xD6, 0x33, 0x00, 0xFF, 0xFF, 0xFF, 0xF5, 0xFF, 0xFF, 0xFF,
0xE2, 0xD1, 0xB7, 0x69, 0x06, 0x00, 0x00, 0xFF, 0xFF, 0xFF, 0x4A, 0xFB, 0xFF, 0xFF, 0xBD, 0x07,
0x00, 0x00, 0x00, 0x00, 0x00, 0xFF, 0xFF, 0xFF, 0x00, 0x5E, 0xFE, 0xFF, 0xFF, 0xAA, 0x02, 0x00,
0x00, 0x00, 0x00, 0xFF, 0xFF, 0xFF, 0x00, 0x00, 0x74, 0xFF, 0xFF, 0xFF, 0x96, 0x00, 0x00, 0x00,
0x00, 0xFF, 0xFF, 0xFF, 0x00, 0x00, 0x00, 0x8A, 0xFF, 0xFF, 0xFF, 0x7F, 0x00, 0x00, 0x00, 0xFF,
0xFF, 0xFF, 0x00, 0x00, 0x00, 0x01, 0xA0, 0xFF, 0xFF, 0xFF, 0x68, 0x00, 0x00, 0xFF, 0xFF, 0xFF,
0x00, 0x00, 0x00, 0x00, 0x04, 0xB3, 0xFF, 0xFF, 0xFD, 0x53, 0x00, 0xFF, 0xFF, 0xFF, 0x00, 0x00,
0x00, 0x00, 0x00, 0x09, 0xC4, 0xFF, 0xFF, 0xF8, 0x42, 0xF6, 0xFF, 0xF8, 0x00, 0x00, 0x00, 0x00,
0x00, 0x00, 0x11, 0xD4, 0xFF, 0xFF, 0xEE, 0x7C, 0xF3, 0x84, 0x00, 0x00, 0x00, 0x00, 0x00, 0x00,
0x00, 0x1B, 0xCA, 0xF6, 0x8F, 0x00, 0x00, 0x00, 0x3D, 0xA0, 0xDA, 0xF4, 0xF4, 0xDA, 0xA4, 0x49,
0x01, 0x00, 0x00, 0x00, 0x0C, 0xA7, 0xFF, 0xFF, 0xFF, 0xFF, 0xFF, 0xFF, 0xFF, 0xFF, 0xBD, 0x0B,
0x00, 0x03, 0xBE, 0xFF, 0xFF, 0xFF, 0xFF, 0xFF, 0xFF, 0xFF, 0xFF, 0xFF, 0xFF, 0x69, 0x00, 0x6A,
0xFF, 0xFF, 0xFC, 0x90, 0x29, 0x09, 0x20, 0x68, 0xD9, 0xFF, 0xFE, 0x43, 0x00, 0xCB, 0xFF, 0xFF,
0x67, 0x00, 0x00, 0x00, 0x00, 0x00, 0x01, 0x36, 0x30, 0x00, 0x00, 0xF4, 0xFF, 0xFF, 0x0A, 0x00,
0x00, 0x00, 0x00, 0x00, 0x00, 0x00, 0x00, 0x00, 0x00, 0xF7, 0xFF, 0xFF, 0x32, 0x00, 0x00, 0x00,
0x00, 0x00, 0x00, 0x00, 0x00, 0x00, 0x00, 0xD0, 0xFF, 0xFF, 0xDA, 0x31, 0x00, 0x00, 0x00, 0x00,
0x00, 0x00, 0x00, 0x00, 0x00, 0x6D, 0xFF, 0xFF, 0xFF, 0xFE, 0xBC, 0x65, 0x16, 0x00, 0x00, 0x00,
0x00, 0x00, 0x00, 0x01, 0x83, 0xFC, 0xFF, 0xFF, 0xFF, 0xFF, 0xFD, 0xBE, 0x66, 0x0C, 0x00, 0x00,
0x00, 0x00, 0x00, 0x32, 0xB6, 0xFD, 0xFF, 0xFF, 0xFF, 0xFF, 0xFF, 0xF0, 0x79, 0x03, 0x00, 0x00,
0x00, 0x00, 0x00, 0x1B, 0x6E, 0xBE, 0xFB, 0xFF, 0xFF, 0xFF, 0xFF, 0xA6, 0x00, 0x00, 0x00, 0x00,
0x00, 0x00, 0x00, 0x00, 0x11, 0x61, 0xCA, 0xFF, 0xFF, 0xFF, 0x56, 0x00, 0x00, 0x00, 0x00, 0x00,
0x00, 0x00, 0x00, 0x00, 0x02, 0xA2, 0xFF, 0xFF, 0xC0, 0x00, 0x00, 0x00, 0x00, 0x00, 0x00, 0x00,
0x00, 0x00, 0x00, 0x1E, 0xFF, 0xFF, 0xED, 0x00, 0x00, 0x00, 0x00, 0x00, 0x00, 0x00, 0x00, 0x00,
0x00, 0x08, 0xFF, 0xFF, 0xF4, 0x00, 0x00, 0x00, 0x00, 0x00, 0x00, 0x00, 0x00, 0x00, 0x00, 0x3F,
0xFF, 0xFF, 0xD4, 0x00, 0x00, 0x00, 0x00, 0x00, 0x00, 0x00, 0x00, 0x00, 0x09, 0xC9, 0xFF, 0xFF,
0x8A, 0x93, 0xF5, 0xD2, 0x8B, 0x4C, 0x1D, 0x06, 0x11, 0x51, 0xD2, 0xFF, 0xFF, 0xF3, 0x19, 0xEF,
0xFF, 0xFF, 0xFF, 0xFF, 0xFF, 0xFF, 0xFF, 0xFF, 0xFF, 0xFF, 0xFD, 0x51, 0x00, 0x53, 0xEF, 0xFF,
0xFF, 0xFF, 0xFF, 0xFF, 0xFF, 0xFF, 0xFF, 0xEA, 0x48, 0x00, 0x00, 0x00, 0x0E, 0x5E, 0xA8, 0xD7,
0xEE, 0xFA, 0xE9, 0xBD, 0x70, 0x0C, 0x00, 0x00, 0x00, 0x92, 0xFC, 0xFF, 0xFF, 0xFF, 0xFF, 0xFF,
0xFF, 0xFF, 0xFF, 0xFF, 0xFC, 0x8E, 0xF5, 0xFF, 0xFF, 0xFF, 0xFF, 0xFF, 0xFF, 0xFF, 0xFF, 0xFF,
0xFF, 0xFF, 0xF4, 0x94, 0xFD, 0xFF, 0xFF, 0xFF, 0xFF, 0xFF, 0xFF, 0xFF, 0xFF, 0xFF, 0xFC, 0x8F,
0x00, 0x00, 0x00, 0x00, 0x00, 0xFF, 0xFF, 0xFF, 0x00, 0x00, 0x00, 0x00, 0x00, 0x00, 0x00, 0x00,
0x00, 0x00, 0xFF, 0xFF, 0xFF, 0x00, 0x00, 0x00, 0x00, 0x00, 0x00, 0x00, 0x00, 0x00, 0x00, 0xFF,
0xFF, 0xFF, 0x00, 0x00, 0x00, 0x00, 0x00, 0x00, 0x00, 0x00, 0x00, 0x00, 0xFF, 0xFF, 0xFF, 0x00,
0x00, 0x00, 0x00, 0x00, 0x00, 0x00, 0x00, 0x00, 0x00, 0xFF, 0xFF, 0xFF, 0x00, 0x00, 0x00, 0x00,
0x00, 0x00, 0x00, 0x00, 0x00, 0x00, 0xFF, 0xFF, 0xFF, 0x00, 0x00, 0x00, 0x00, 0x00, 0x00, 0x00,
0x00, 0x00, 0x00, 0xFF, 0xFF, 0xFF, 0x00, 0x00, 0x00, 0x00, 0x00, 0x00, 0x00, 0x00, 0x00, 0x00,
0xFF, 0xFF, 0xFF, 0x00, 0x00, 0x00, 0x00, 0x00, 0x00, 0x00, 0x00, 0x00, 0x00, 0xFF, 0xFF, 0xFF,
0x00, 0x00, 0x00, 0x00, 0x00, 0x00, 0x00, 0x00, 0x00, 0x00, 0xFF, 0xFF, 0xFF, 0x00, 0x00, 0x00,
0x00, 0x00, 0x00, 0x00, 0x00, 0x00, 0x00, 0xFF, 0xFF, 0xFF, 0x00, 0x00, 0x00, 0x00, 0x00, 0x00,
0x00, 0x00, 0x00, 0x00, 0xFF, 0xFF, 0xFF, 0x00, 0x00, 0x00, 0x00, 0x00, 0x00, 0x00, 0x00, 0x00,
0x00, 0xFF, 0xFF, 0xFF, 0x00, 0x00, 0x00, 0x00, 0x00, 0x00, 0x00, 0x00, 0x00, 0x00, 0xFF, 0xFF,
0xFF, 0x00, 0x00, 0x00, 0x00, 0x00, 0x00, 0x00, 0x00, 0x00, 0x00, 0xFF, 0xFF, 0xFF, 0x00, 0x00,
0x00, 0x00, 0x00, 0x00, 0x00, 0x00, 0x00, 0x00, 0xFF, 0xFF, 0xFF, 0x00, 0x00, 0x00, 0x00, 0x00,
0x00, 0x00, 0x00, 0x00, 0x00, 0xFF, 0xFF, 0xFF, 0x00, 0x00, 0x00, 0x00, 0x00, 0x00, 0x00, 0x00,
0x00, 0x00, 0xF5, 0xFF, 0xF6, 0x00, 0x00, 0x00, 0x00, 0x00, 0x00, 0x00, 0x00, 0x00, 0x00, 0x76,
0xF2, 0x81, 0x00, 0x00, 0x00, 0x00, 0x00, 0x7C, 0xF2, 0x81, 0x00, 0x00, 0x00, 0x00, 0x00, 0x00,
0x00, 0x00, 0x00, 0x00, 0x00, 0x7D, 0xF2, 0x7C, 0xF6, 0xFF, 0xF6, 0x00, 0x00, 0x00, 0x00, 0x00,
0x00, 0x00, 0x00, 0x00, 0x00, 0x00, 0xF6, 0xFF, 0xF6, 0xFF, 0xFF, 0xFF, 0x00, 0x00, 0x00, 0x00,
0x00, 0x00, 0x00, 0x00, 0x00, 0x00, 0x00, 0xFF, 0xFF, 0xFF, 0xFF, 0xFF, 0xFF, 0x00, 0x00, 0x00,
0x00, 0x00, 0x00, 0x00, 0x00, 0x00, 0x00, 0x00, 0xFF, 0xFF, 0xFF, 0xFF, 0xFF, 0xFF, 0x00, 0x00,
0x00, 0x00, 0x00, 0x00, 0x00, 0x00, 0x00, 0x00, 0x00, 0xFF, 0xFF, 0xFF, 0xFF, 0xFF, 0xFF, 0x00,
0x00, 0x00, 0x00, 0x00, 0x00, 0x00, 0x00, 0x00, 0x00, 0x00, 0xFF, 0xFF, 0xFF, 0xFF, 0xFF, 0xFF,
0x00, 0x00, 0x00, 0x00, 0x00, 0x00, 0x00, 0x00, 0x00, 0x00, 0x00, 0xFF, 0xFF, 0xFF, 0xFF, 0xFF,
0xFF, 0x00, 0x00, 0x00, 0x00, 0x00, 0x00, 0x00, 0x00, 0x00, 0x00, 0x00, 0xFF, 0xFF, 0xFF, 0xFF,
0xFF, 0xFF, 0x00, 0x00, 0x00, 0x00, 0x00, 0x00, 0x00, 0x00, 0x00, 0x00, 0x00, 0xFF, 0xFF, 0xFF,
0xFF, 0xFF, 0xFF, 0x00, 0x00, 0x00, 0x00, 0x00, 0x00, 0x00, 0x00, 0x00, 0x00, 0x00, 0xFF, 0xFF,
0xFF, 0xFF, 0xFF, 0xFF, 0x00, 0x00, 0x00, 0x00, 0x00, 0x00, 0x00, 0x00, 0x00, 0x00, 0x00, 0xFF,
0xFF, 0xFF, 0xFF, 0xFF, 0xFF, 0x00, 0x00, 0x00, 0x00, 0x00, 0x00, 0x00, 0x00, 0x00, 0x00, 0x00,
0xFF, 0xFF, 0xFF, 0xFF, 0xFF, 0xFF, 0x00, 0x00, 0x00, 0x00, 0x00, 0x00, 0x00, 0x00, 0x00, 0x00,
0x00, 0xFF, 0xFF, 0xFF, 0xFF, 0xFF, 0xFF, 0x01, 0x00, 0x00, 0x00, 0x00, 0x00, 0x00, 0x00, 0x00,
0x00, 0x01, 0xFF, 0xFF, 0xFF, 0xF2, 0xFF, 0xFF, 0x0E, 0x00, 0x00, 0x00, 0x00, 0x00, 0x00, 0x00,
0x00, 0x00, 0x0F, 0xFF, 0xFF, 0xF2, 0xD9, 0xFF, 0xFF, 0x3C, 0x00, 0x00, 0x00, 0x00, 0x00, 0x00,
0x00, 0x00, 0x00, 0x3D, 0xFF, 0xFF, 0xDC, 0x9D, 0xFF, 0xFF, 0xB7, 0x01, 0x00, 0x00, 0x00, 0x00,
0x00, 0x00, 0x00, 0x00, 0xB3, 0xFF, 0xFF, 0xA2, 0x40, 0xFF, 0xFF, 0xFF, 0x93, 0x01, 0x00, 0x00,
0x00, 0x00, 0x00, 0x00, 0x8A, 0xFF, 0xFF, 0xFF, 0x44, 0x00, 0x9C, 0xFF, 0xFF, 0xFF, 0xBD, 0x4A,
0x13, 0x03, 0x12, 0x46, 0xB6, 0xFF, 0xFF, 0xFF, 0xA9, 0x00, 0x00, 0x06, 0xBB, 0xFF, 0xFF, 0xFF,
0xFF, 0xFF, 0xFF, 0xFF, 0xFF, 0xFF, 0xFF, 0xFF, 0xBD, 0x08, 0x00, 0x00, 0x00, 0x09, 0xA1, 0xFF,
0xFF, 0xFF, 0xFF, 0xFF, 0xFF, 0xFF, 0xFF, 0xF9, 0x89, 0x04, 0x00, 0x00, 0x00, 0x00, 0x00, 0x00,
0x37, 0x98, 0xD3, 0xF0, 0xFB, 0xEB, 0xC6, 0x81, 0x1D, 0x00, 0x00, 0x00, 0x00, 0x60, 0xF1, 0x98,
0x00, 0x00, 0x00, 0x00, 0x00, 0x00, 0x00, 0x00, 0x00, 0x00, 0x00, 0x39, 0xEB, 0xB7, 0x04, 0xD3,
0xFF, 0xFE, 0x21, 0x00, 0x00, 0x00, 0x00, 0x00, 0x00, 0x00, 0x00, 0x00, 0x00, 0xB3, 0xFF, 0xFF,
0x3B, 0xAF, 0xFF, 0xFF, 0x7F, 0x00, 0x00, 0x00, 0x00, 0x00, 0x00, 0x00, 0x00, 0x00, 0x16, 0xFB,
0xFF, 0xFE, 0x1B, 0x56, 0xFF, 0xFF, 0xDC, 0x00, 0x00, 0x00, 0x00, 0x00, 0x00, 0x00, 0x00, 0x00,
0x70, 0xFF, 0xFF, 0xC1, 0x00, 0x07, 0xEF, 0xFF, 0xFF, 0x3C, 0x00, 0x00, 0x00, 0x00, 0x00, 0x00,
0x00, 0x00, 0xCF, 0xFF, 0xFF, 0x62, 0x00, 0x00, 0x99, 0xFF, 0xFF, 0x9A, 0x00, 0x00, 0x00, 0x00,
0x00, 0x00, 0x00, 0x2C, 0xFF, 0xFF, 0xF6, 0x0E, 0x00, 0x00, 0x3B, 0xFF, 0xFF, 0xF0, 0x08, 0x00,
0x00, 0x00, 0x00, 0x00, 0x00, 0x8B, 0xFF, 0xFF, 0xA6, 0x00, 0x00, 0x00, 0x00, 0xDB, 0xFF, 0xFF,
0x57, 0x00, 0x00, 0x00, 0x00, 0x00, 0x03, 0xE6, 0xFF, 0xFF, 0x47, 0x00, 0x00, 0x00, 0x00, 0x7E,
0xFF, 0xFF, 0xB6, 0x00, 0x00, 0x00, 0x00, 0x00, 0x48, 0xFF, 0xFF, 0xE6, 0x03, 0x00, 0x00, 0x00,
0x00, 0x20, 0xFE, 0xFF, 0xFC, 0x18, 0x00, 0x00, 0x00, 0x00, 0xA7, 0xFF, 0xFF, 0x8A, 0x00, 0x00,
0x00, 0x00, 0x00, 0x00, 0xC1, 0xFF, 0xFF, 0x73, 0x00, 0x00, 0x00, 0x0E, 0xF6, 0xFF, 0xFF, 0x2C,
0x00, 0x00, 0x00, 0x00, 0x00, 0x00, 0x62, 0xFF, 0xFF, 0xD1, 0x00, 0x00, 0x00, 0x63, 0xFF, 0xFF,
0xCD, 0x00, 0x00, 0x00, 0x00, 0x00, 0x00, 0x00, 0x0D, 0xF6, 0xFF, 0xFF, 0x30, 0x00, 0x00, 0xC2,
0xFF, 0xFF, 0x6F, 0x00, 0x00, 0x00, 0x00, 0x00, 0x00, 0x00, 0x00, 0xA5, 0xFF, 0xFF, 0x8E, 0x00,
0x20, 0xFE, 0xFF, 0xFB, 0x15, 0x00, 0x00, 0x00, 0x00, 0x00, 0x00, 0x00, 0x00, 0x47, 0xFF, 0xFF,
0xE9, 0x04, 0x7E, 0xFF, 0xFF, 0xB2, 0x00, 0x00, 0x00, 0x00, 0x00, 0x00, 0x00, 0x00, 0x00, 0x03,
0xE5, 0xFF, 0xFF, 0x4C, 0xDB, 0xFF, 0xFF, 0x54, 0x00, 0x00, 0x00, 0x00, 0x00, 0x00, 0x00, 0x00,
0x00, 0x00, 0x8A, 0xFF, 0xFF, 0xD9, 0xFF, 0xFF, 0xEE, 0x07, 0x00, 0x00, 0x00, 0x00, 0x00, 0x00,
0x00, 0x00, 0x00, 0x00, 0x2B, 0xFF, 0xFF, 0xFF, 0xFF, 0xFF, 0x97, 0x00, 0x00, 0x00, 0x00, 0x00,
0x00, 0x00, 0x00, 0x00, 0x00, 0x00, 0x00, 0xCD, 0xFF, 0xFF, 0xFF, 0xFF, 0x38, 0x00, 0x00, 0x00,
0x00, 0x00, 0x00, 0x00, 0x00, 0x00, 0x00, 0x00, 0x00, 0x6F, 0xFF, 0xFF, 0xFF, 0xD9, 0x00, 0x00,
0x00, 0x00, 0x00, 0x00, 0x00, 0x00, 0x00, 0x00, 0x00, 0x00, 0x00, 0x15, 0xFA, 0xFF, 0xFF, 0x7B,
0x00, 0x00, 0x00, 0x00, 0x00, 0x00, 0x00, 0x00, 0x00, 0x00, 0x00, 0x00, 0x00, 0x00, 0x7E, 0xF8,
0xD1, 0x10, 0x00, 0x00, 0x00, 0x00, 0x00, 0x00, 0x00, 0x21, 0xDD, 0xD8, 0x18, 0x00, 0x00, 0x00,
0x00, 0x00, 0x00, 0x00, 0x3F, 0xE8, 0xD5, 0x1E, 0x00, 0x00, 0x00, 0x00, 0x00, 0x00, 0x00, 0x32,
0xE8, 0xC1, 0x06, 0x78, 0xFF, 0xFF, 0x71, 0x00, 0x00, 0x00, 0x00, 0x00, 0x00, 0x00, 0xC1, 0xFF,
0xFF, 0x8D, 0x00, 0x00, 0x00, 0x00, 0x00, 0x00, 0x00, 0x9F, 0xFF, 0xFF, 0x40, 0x66, 0xFF, 0xFF,
0xA5, 0x00, 0x00, 0x00, 0x00, 0x00, 0x00, 0x14, 0xFD, 0xFF, 0xFF, 0xDC, 0x00, 0x00, 0x00, 0x00,
0x00, 0x00, 0x00, 0xD6, 0xFF, 0xFF, 0x35, 0x36, 0xFF, 0xFF, 0xD6, 0x00, 0x00, 0x00, 0x00, 0x00,
0x00, 0x5F, 0xFF, 0xFF, 0xFF, 0xFF, 0x29, 0x00, 0x00, 0x00, 0x00, 0x00, 0x0A, 0xFC, 0xFF, 0xFC,
0x09, 0x08, 0xFB, 0xFF, 0xFD, 0x0B, 0x00, 0x00, 0x00, 0x00, 0x00, 0xAC, 0xFF, 0xFF, 0xFF, 0xFF,
0x76, 0x00, 0x00, 0x00, 0x00, 0x00, 0x39, 0xFF, 0xFF, 0xD3, 0x00, 0x00, 0xD3, 0xFF, 0xFF, 0x39,
0x00, 0x00, 0x00, 0x00, 0x06, 0xF2, 0xFF, 0xFF, 0xFF, 0xFF, 0xC3, 0x00, 0x00, 0x00, 0x00, 0x00,
0x6A, 0xFF, 0xFF, 0xA1, 0x00, 0x00, 0xA2, 0xFF, 0xFF, 0x6B, 0x00, 0x00, 0x00, 0x00, 0x47, 0xFF,
0xFF, 0xE7, 0xFF, 0xFF, 0xFC, 0x13, 0x00, 0x00, 0x00, 0x00, 0x9C, 0xFF, 0xFF, 0x70, 0x00, 0x00,
0x70, 0xFF, 0xFF, 0x9C, 0x00, 0x00, 0x00, 0x00, 0x95, 0xFF, 0xFF, 0x8C, 0xCD, 0xFF, 0xFF, 0x5E,
0x00, 0x00, 0x00, 0x00, 0xCD, 0xFF, 0xFF, 0x3E, 0x00, 0x00, 0x3F, 0xFF, 0xFF, 0xCD, 0x00, 0x00,
0x00, 0x00, 0xE1, 0xFF, 0xFF, 0x3E, 0x7F, 0xFF, 0xFF, 0xAB, 0x00, 0x00, 0x00, 0x05, 0xF9, 0xFF,
0xFE, 0x0E, 0x00, 0x00, 0x0E, 0xFE, 0xFF, 0xF9, 0x05, 0x00, 0x00, 0x30, 0xFF, 0xFF, 0xED, 0x03,
0x31, 0xFF, 0xFF, 0xF2, 0x06, 0x00, 0x00, 0x30, 0xFF, 0xFF, 0xDB, 0x00, 0x00, 0x00, 0x00, 0xDC,
0xFF, 0xFF, 0x30, 0x00, 0x00, 0x7D, 0xFF, 0xFF, 0xA3, 0x00, 0x00, 0xE2, 0xFF, 0xFF, 0x45, 0x00,
0x00, 0x62, 0xFF, 0xFF, 0xA9, 0x00, 0x00, 0x00, 0x00, 0xAB, 0xFF, 0xFF, 0x62, 0x00, 0x00, 0xCA,
0xFF, 0xFF, 0x55, 0x00, 0x00, 0x95, 0xFF, 0xFF, 0x92, 0x00, 0x00, 0x93, 0xFF, 0xFF, 0x78, 0x00,
0x00, 0x00, 0x00, 0x79, 0xFF, 0xFF, 0x93, 0x00, 0x19, 0xFE, 0xFF, 0xF9, 0x0E, 0x00, 0x00, 0x47,
0xFF, 0xFF, 0xDF, 0x00, 0x00, 0xC5, 0xFF, 0xFF, 0x46, 0x00, 0x00, 0x00, 0x00, 0x48, 0xFF, 0xFF,
0xC4, 0x00, 0x65, 0xFF, 0xFF, 0xBA, 0x00, 0x00, 0x00, 0x06, 0xF2, 0xFF, 0xFF, 0x2D, 0x02, 0xF3,
0xFF, 0xFF, 0x14, 0x00, 0x00, 0x00, 0x00, 0x16, 0xFF, 0xFF, 0xF3, 0x02, 0xB3, 0xFF, 0xFF, 0x6C,
0x00, 0x00, 0x00, 0x00, 0xAC, 0xFF, 0xFF, 0x7A, 0x27, 0xFF, 0xFF, 0xE3, 0x00, 0x00, 0x00, 0x00,
0x00, 0x00, 0xE5, 0xFF, 0xFF, 0x31, 0xF6, 0xFF, 0xFF, 0x1F, 0x00, 0x00, 0x00, 0x00, 0x5E, 0xFF,
0xFF, 0xC7, 0x59, 0xFF, 0xFF, 0xB1, 0x00, 0x00, 0x00, 0x00, 0x00, 0x00, 0xB4, 0xFF, 0xFF, 0xA6,
0xFF, 0xFF, 0xD1, 0x00, 0x00, 0x00, 0x00, 0x00, 0x13, 0xFC, 0xFF, 0xFD, 0xA1, 0xFF, 0xFF, 0x80,
0x00, 0x00, 0x00, 0x00, 0x00, 0x00, 0x82, 0xFF, 0xFF, 0xFD, 0xFF, 0xFF, 0x83, 0x00, 0x00, 0x00,
0x00, 0x00, 0x00, 0xC2, 0xFF, 0xFF, 0xFB, 0xFF, 0xFF, 0x4E, 0x00, 0x00, 0x00, 0x00, 0x00, 0x00,
0x51, 0xFF, 0xFF, 0xFF, 0xFF, 0xFF, 0x36, 0x00, 0x00, 0x00, 0x00, 0x00, 0x00, 0x75, 0xFF, 0xFF,
0xFF, 0xFF, 0xFF, 0x1C, 0x00, 0x00, 0x00, 0x00, 0x00, 0x00, 0x1F, 0xFF, 0xFF, 0xFF, 0xFF, 0xE7,
0x01, 0x00, 0x00, 0x00, 0x00, 0x00, 0x00, 0x26, 0xFF, 0xFF, 0xFF, 0xFF, 0xEA, 0x00, 0x00, 0x00,
0x00, 0x00, 0x00, 0x00, 0x00, 0xE2, 0xFF, 0xFF, 0xFF, 0x96, 0x00, 0x00, 0x00, 0x00, 0x00, 0x00,
0x00, 0x00, 0xD4, 0xFF, 0xFF, 0xFF, 0xB0, 0x00, 0x00, 0x00, 0x00, 0x00, 0x00, 0x00, 0x00, 0x41,
0xD8, 0xF8, 0xBF, 0x18, 0x00, 0x00, 0x00, 0x00, 0x00, 0x00, 0x00, 0x00, 0x3B, 0xD6, 0xF9, 0xCE,
0x2B, 0x00, 0x00, 0x00, 0x00, 0x00, 0x60, 0xF1, 0x95, 0x00, 0x00, 0x00, 0x00, 0x00, 0x00, 0x00,
0x00, 0x00, 0x85, 0xF0, 0x5D, 0x00, 0x00, 0xD4, 0xFF, 0xFF, 0x50, 0x00, 0x00, 0x00, 0x00, 0x00,
0x00, 0x00, 0x51, 0xFF, 0xFF, 0xD3, 0x00, 0x00, 0x9B, 0xFF, 0xFF, 0xEC, 0x1B, 0x00, 0x00, 0x00,
0x00, 0x00, 0x1C, 0xED, 0xFF, 0xFF, 0x9B, 0x00, 0x00, 0x10, 0xE1, 0xFF, 0xFF, 0xBD, 0x02, 0x00,
0x00, 0x00, 0x02, 0xC0, 0xFF, 0xFF, 0xE1, 0x10, 0x00, 0x00, 0x00, 0x3D, 0xFC, 0xFF, 0xFF, 0x77,
0x00, 0x00, 0x00, 0x7C, 0xFF, 0xFF, 0xFC, 0x3C, 0x00, 0x00, 0x00, 0x00, 0x00, 0x83, 0xFF, 0xFF,
0xFA, 0x34, 0x00, 0x39, 0xFB, 0xFF, 0xFF, 0x82, 0x00, 0x00, 0x00, 0x00, 0x00, 0x00, 0x04, 0xC6,
0xFF, 0xFF, 0xDA, 0x1A, 0xDE, 0xFF, 0xFF, 0xC6, 0x04, 0x00, 0x00, 0x00, 0x00, 0x00, 0x00, 0x00,
0x21, 0xF1, 0xFF, 0xFF, 0xEE, 0xFF, 0xFF, 0xF1, 0x21, 0x00, 0x00, 0x00, 0x00, 0x00, 0x00, 0x00,
0x00, 0x00, 0x5C, 0xFF, 0xFF, 0xFF, 0xFF, 0xFF, 0x5B, 0x00, 0x00, 0x00, 0x00, 0x00, 0x00, 0x00,
0x00, 0x00, 0x00, 0x00, 0xA4, 0xFF, 0xFF, 0xFF, 0xA3, 0x00, 0x00, 0x00, 0x00, 0x00, 0x00, 0x00,
0x00, 0x00, 0x00, 0x00, 0x00, 0x30, 0xFF, 0xFF, 0xFF, 0x2F, 0x00, 0x00, 0x00, 0x00, 0x00, 0x00,
0x00, 0x00, 0x00, 0x00, 0x00, 0x04, 0xC7, 0xFF, 0xFF, 0xFF, 0xC6, 0x04, 0x00, 0x00, 0x00, 0x00,
0x00, 0x00, 0x00, 0x00, 0x00, 0x00, 0x83, 0xFF, 0xFF, 0xFF, 0xFF, 0xFF, 0x82, 0x00, 0x00, 0x00,
0x00, 0x00, 0x00, 0x00, 0x00, 0x00, 0x3C, 0xFC, 0xFF, 0xFF, 0xCC, 0xFF, 0xFF, 0xFC, 0x3C, 0x00,
0x00, 0x00, 0x00, 0x00, 0x00, 0x00, 0x0F, 0xE0, 0xFF, 0xFF, 0xBF, 0x05, 0xC1, 0xFF, 0xFF, 0xE0,
0x0F, 0x00, 0x00, 0x00, 0x00, 0x00, 0x00, 0xA8, 0xFF, 0xFF, 0xED, 0x1C, 0x00, 0x1D, 0xEF, 0xFF,
0xFF, 0xA7, 0x00, 0x00, 0x00, 0x00, 0x00, 0x60, 0xFF, 0xFF, 0xFF, 0x52, 0x00, 0x00, 0x00, 0x55,
0xFF, 0xFF, 0xFF, 0x5F, 0x00, 0x00, 0x00, 0x23, 0xF3, 0xFF, 0xFF, 0x9A, 0x00, 0x00, 0x00, 0x00,
0x00, 0x9F, 0xFF, 0xFF, 0xF2, 0x23, 0x00, 0x04, 0xC9, 0xFF, 0xFF, 0xD8, 0x0A, 0x00, 0x00, 0x00,
0x00, 0x00, 0x0C, 0xDB, 0xFF, 0xFF, 0xC8, 0x04, 0x83, 0xFF, 0xFF, 0xF9, 0x31, 0x00, 0x00, 0x00,
0x00, 0x00, 0x00, 0x00, 0x36, 0xFB, 0xFF, 0xFF, 0x82, 0xF1, 0xFF, 0xFF, 0x73, 0x00, 0x00, 0x00,
0x00, 0x00, 0x00, 0x00, 0x00, 0x00, 0x7A, 0xFF, 0xFF, 0xF1, 0x88, 0xF3, 0x9C, 0x01, 0x00, 0x00,
0x00, 0x00, 0x00, 0x00, 0x00, 0x00, 0x00, 0x02, 0xA1, 0xF4, 0x8B, 0x83, 0xEE, 0x67, 0x00, 0x00,
0x00, 0x00, 0x00, 0x00, 0x00, 0x00, 0x00, 0x6C, 0xEF, 0x80, 0xF5, 0xFF, 0xF7, 0x23, 0x00, 0x00,
0x00, 0x00, 0x00, 0x00, 0x00, 0x27, 0xF9, 0xFF, 0xF4, 0xC2, 0xFF, 0xFF, 0xB9, 0x00, 0x00, 0x00,
0x00, 0x00, 0x00, 0x00, 0xBF, 0xFF, 0xFF, 0xC2, 0x31, 0xFC, 0xFF, 0xFF, 0x58, 0x00, 0x00, 0x00,
0x00, 0x00, 0x5F, 0xFF, 0xFF, 0xFC, 0x31, 0x00, 0x90, 0xFF, 0xFF, 0xE7, 0x0F, 0x00, 0x00, 0x00,
0x12, 0xEB, 0xFF, 0xFF, 0x8F, 0x00, 0x00, 0x0D, 0xE4, 0xFF, 0xFF, 0x95, 0x00, 0x00, 0x00, 0x9D,
0xFF, 0xFF, 0xE3, 0x0D, 0x00, 0x00, 0x00, 0x52, 0xFF, 0xFF, 0xFD, 0x36, 0x00, 0x3D, 0xFE, 0xFF,
0xFF, 0x51, 0x00, 0x00, 0x00, 0x00, 0x00, 0xB4, 0xFF, 0xFF, 0xCF, 0x09, 0xD5, 0xFF, 0xFF, 0xB3,
0x00, 0x00, 0x00, 0x00, 0x00, 0x00, 0x1F, 0xF5, 0xFF, 0xFF, 0xCD, 0xFF, 0xFF, 0xF5, 0x1F, 0x00,
0x00, 0x00, 0x00, 0x00, 0x00, 0x00, 0x76, 0xFF, 0xFF, 0xFF, 0xFF, 0xFF, 0x75, 0x00, 0x00, 0x00,
0x00, 0x00, 0x00, 0x00, 0x00, 0x04, 0xD3, 0xFF, 0xFF, 0xFF, 0xD2, 0x04, 0x00, 0x00, 0x00, 0x00,
0x00, 0x00, 0x00, 0x00, 0x00, 0x3B, 0xFF, 0xFF, 0xFF, 0x3A, 0x00, 0x00, 0x00, 0x00, 0x00, 0x00,
0x00, 0x00, 0x00, 0x00, 0x00, 0xFF, 0xFF, 0xFF, 0x00, 0x00, 0x00, 0x00, 0x00, 0x00, 0x00, 0x00,
0x00, 0x00, 0x00, 0x00, 0xFF, 0xFF, 0xFF, 0x00, 0x00, 0x00, 0x00, 0x00, 0x00, 0x00, 0x00, 0x00,
0x00, 0x00, 0x00, 0xFF, 0xFF, 0xFF, 0x00, 0x00, 0x00, 0x00, 0x00, 0x00, 0x00, 0x00, 0x00, 0x00,
0x00, 0x00, 0xFF, 0xFF, 0xFF, 0x00, 0x00, 0x00, 0x00, 0x00, 0x00, 0x00, 0x00, 0x00, 0x00, 0x00,
0x00, 0xFF, 0xFF, 0xFF, 0x00, 0x00, 0x00, 0x00, 0x00, 0x00, 0x00, 0x00, 0x00, 0x00, 0x00, 0x00,
0xFF, 0xFF, 0xFF, 0x00, 0x00, 0x00, 0x00, 0x00, 0x00, 0x00, 0x00, 0x00, 0x00, 0x00, 0x00, 0xFF,
0xFF, 0xFF, 0x00, 0x00, 0x00, 0x00, 0x00, 0x00, 0x00, 0x00, 0x00, 0x00, 0x00, 0x00, 0xFF, 0xFF,
0xFF, 0x00, 0x00, 0x00, 0x00, 0x00, 0x00, 0x00, 0x00, 0x00, 0x00, 0x00, 0x00, 0xF7, 0xFF, 0xF8,
0x00, 0x00, 0x00, 0x00, 0x00, 0x00, 0x00, 0x00, 0x00, 0x00, 0x00, 0x00, 0x7F, 0xF3, 0x86, 0x00,
0x00, 0x00, 0x00, 0x00, 0x00, 0x00, 0x54, 0xF2, 0xFF, 0xFF, 0xFF, 0xFF, 0xFF, 0xFF, 0xFF, 0xFF,
0xFF, 0xFF, 0xFF, 0xEF, 0xAC, 0x0D, 0x00, 0xB8, 0xFF, 0xFF, 0xFF, 0xFF, 0xFF, 0xFF, 0xFF, 0xFF,
0xFF, 0xFF, 0xFF, 0xFF, 0xFF, 0xFF, 0x45, 0x00, 0x57, 0xF2, 0xFF, 0xFF, 0xFF, 0xFF, 0xFF, 0xFF,
0xFF, 0xFF, 0xFF, 0xFF, 0xFF, 0xFF, 0xE1, 0x0A, 0x00, 0x00, 0x00, 0x00, 0x00, 0x00, 0x00, 0x00,
0x00, 0x00, 0x00, 0x56, 0xFF, 0xFF, 0xFF, 0x47, 0x00, 0x00, 0x00, 0x00, 0x00, 0x00, 0x00, 0x00,
0x00, 0x00, 0x00, 0x16, 0xEB, 0xFF, 0xFF, 0x9A, 0x00, 0x00, 0x00, 0x00, 0x00, 0x00, 0x00, 0x00,
0x00, 0x00, 0x00, 0x00, 0xAE, 0xFF, 0xFF, 0xE0, 0x0D, 0x00, 0x00, 0x00, 0x00, 0x00, 0x00, 0x00,
0x00, 0x00, 0x00, 0x00, 0x5B, 0xFF, 0xFF, 0xFE, 0x43, 0x00, 0x00, 0x00, 0x00, 0x00, 0x00, 0x00,
0x00, 0x00, 0x00, 0x00, 0x19, 0xEE, 0xFF, 0xFF, 0x95, 0x00, 0x00, 0x00, 0x00, 0x00, 0x00, 0x00,
0x00, 0x00, 0x00, 0x00, 0x00, 0xB3, 0xFF, 0xFF, 0xDD, 0x0B, 0x00, 0x00, 0x00, 0x00, 0x00, 0x00,
0x00, 0x00, 0x00, 0x00, 0x00, 0x60, 0xFF, 0xFF, 0xFE, 0x3E, 0x00, 0x00, 0x00, 0x00, 0x00, 0x00,
0x00, 0x00, 0x00, 0x00, 0x00, 0x1C, 0xEF, 0xFF, 0xFF, 0x90, 0x00, 0x00, 0x00, 0x00, 0x00, 0x00,
0x00, 0x00, 0x00, 0x00, 0x00, 0x00, 0xB7, 0xFF, 0xFF, 0xDA, 0x09, 0x00, 0x00, 0x00, 0x00, 0x00,
0x00, 0x00, 0x00, 0x00, 0x00, 0x00, 0x65, 0xFF, 0xFF, 0xFD, 0x3A, 0x00, 0x00, 0x00, 0x00, 0x00,
0x00, 0x00, 0x00, 0x00, 0x00, 0x00, 0x1E, 0xF1, 0xFF, 0xFF, 0x8B, 0x00, 0x00, 0x00, 0x00, 0x00,
0x00, 0x00, 0x00, 0x00, 0x00, 0x00, 0x01, 0xBB, 0xFF, 0xFF, 0xD7, 0x08, 0x00, 0x00, 0x00, 0x00,
0x00, 0x00, 0x00, 0x00, 0x00, 0x00, 0x00, 0x6A, 0xFF, 0xFF, 0xFC, 0x36, 0x00, 0x00, 0x00, 0x00,
0x00, 0x00, 0x00, 0x00, 0x00, 0x00, 0x00, 0x21, 0xF3, 0xFF, 0xFF, 0x86, 0x00, 0x00, 0x00, 0x00,
0x00, 0x00, 0x00, 0x00, 0x00, 0x00, 0x00, 0x01, 0xC0, 0xFF, 0xFF, 0xD3, 0x06, 0x00, 0x00, 0x00,
0x00, 0x00, 0x00, 0x00, 0x00, 0x00, 0x00, 0x00, 0x6E, 0xFF, 0xFF, 0xFB, 0x32, 0x00, 0x00, 0x00,
0x00, 0x00, 0x00, 0x00, 0x00, 0x00, 0x00, 0x00, 0x09, 0xF1, 0xFF, 0xFF, 0xFF, 0xFF, 0xFF, 0xFF,
0xFF, 0xFF, 0xFF, 0xFF, 0xFF, 0xFF, 0xFF, 0xF0, 0x5E, 0x18, 0xFF, 0xFF, 0xFF, 0xFF, 0xFF, 0xFF,
0xFF, 0xFF, 0xFF, 0xFF, 0xFF, 0xFF, 0xFF, 0xFF, 0xFF, 0xC6, 0x00, 0x7D, 0xEC, 0xFF, 0xFF, 0xFF,
0xFF, 0xFF, 0xFF, 0xFF, 0xFF, 0xFF, 0xFF, 0xFF, 0xFF, 0xF0, 0x5A, 0x97, 0xFD, 0xFF, 0xFF, 0xDC,
0x1A, 0xFB, 0xFF, 0xFF, 0xFF, 0xFF, 0x5D, 0xFF, 0xFF, 0xFF, 0xFF, 0xDF, 0x1D, 0xFF, 0xFF, 0xFF,
0x00, 0x00, 0x00, 0xFF, 0xFF, 0xFF, 0x00, 0x00, 0x00, 0xFF, 0xFF, 0xFF, 0x00, 0x00, 0x00, 0xFF,
0xFF, 0xFF, 0x00, 0x00, 0x00, 0xFF, 0xFF, 0xFF, 0x00, 0x00, 0x00, 0xFF, 0xFF, 0xFF, 0x00, 0x00,
0x00, 0xFF, 0xFF, 0xFF, 0x00, 0x00, 0x00, 0xFF, 0xFF, 0xFF, 0x00, 0x00, 0x00, 0xFF, 0xFF, 0xFF,
0x00, 0x00, 0x00, 0xFF, 0xFF, 0xFF, 0x00, 0x00, 0x00, 0xFF, 0xFF, 0xFF, 0x00, 0x00, 0x00, 0xFF,
0xFF, 0xFF, 0x00, 0x00, 0x00, 0xFF, 0xFF, 0xFF, 0x00, 0x00, 0x00, 0xFF, 0xFF, 0xFF, 0x00, 0x00,
0x00, 0xFF, 0xFF, 0xFF, 0x00, 0x00, 0x00, 0xFF, 0xFF, 0xFF, 0x00, 0x00, 0x00, 0xFF, 0xFF, 0xFF,
0x00, 0x00, 0x00, 0xFF, 0xFF, 0xFF, 0x00, 0x00, 0x00, 0xFF, 0xFF, 0xFF, 0xFF, 0xDA, 0x19, 0xFB,
0xFF, 0xFF, 0xFF, 0xFF, 0x5D, 0x97, 0xFD, 0xFF, 0xFF, 0xE1, 0x1E, 0x01, 0xF5, 0xFF, 0xFF, 0x11,
0x00, 0x00, 0x00, 0xD4, 0xFF, 0xFF, 0x33, 0x00, 0x00, 0x00, 0xB1, 0xFF, 0xFF, 0x56, 0x00, 0x00,
0x00, 0x8E, 0xFF, 0xFF, 0x79, 0x00, 0x00, 0x00, 0x6B, 0xFF, 0xFF, 0x9C, 0x00, 0x00, 0x00, 0x48,
0xFF, 0xFF, 0xBF, 0x00, 0x00, 0x00, 0x25, 0xFF, 0xFF, 0xE2, 0x00, 0x00, 0x00, 0x05, 0xFC, 0xFF,
0xFD, 0x07, 0x00, 0x00, 0x00, 0xDF, 0xFF, 0xFF, 0x28, 0x00, 0x00, 0x00, 0xBC, 0xFF, 0xFF, 0x4B,
0x00, 0x00, 0x00, 0x9A, 0xFF, 0xFF, 0x6E, 0x00, 0x00, 0x00, 0x77, 0xFF, 0xFF, 0x90, 0x00, 0x00,
0x00, 0x54, 0xFF, 0xFF, 0xB3, 0x00, 0x00, 0x00, 0x31, 0xFF, 0xFF, 0xD6, 0x00, 0x00, 0x00, 0x0E,
0xFF, 0xFF, 0xF7, 0x01, 0x00, 0x00, 0x00, 0xEB, 0xFF, 0xFF, 0x1C, 0x00, 0x00, 0x00, 0xC8, 0xFF,
0xFF, 0x3F, 0x00, 0x00, 0x00, 0xA5, 0xFF, 0xFF, 0x62, 0x00, 0x00, 0x00, 0x82, 0xFF, 0xFF, 0x85,
0x00, 0x00, 0x00, 0x5F, 0xFF, 0xFF, 0xA8, 0x00, 0x00, 0x00, 0x3C, 0xFF, 0xFF, 0xCB, 0x00, 0x00,
0x00, 0x19, 0xFF, 0xFF, 0xEE, 0x99, 0xFE, 0xFF, 0xFE, 0x9F, 0xF6, 0xFF, 0xFF, 0xFF, 0xFB, 0xA4,
0xFF, 0xFF, 0xFF, 0xFF, 0x00, 0x00, 0xFF, 0xFF, 0xFF, 0x00, 0x00, 0xFF, 0xFF, 0xFF, 0x00, 0x00,
0xFF, 0xFF, 0xFF, 0x00, 0x00, 0xFF, 0xFF, 0xFF, 0x00, 0x00, 0xFF, 0xFF, 0xFF, 0x00, 0x00, 0xFF,
0xFF, 0xFF, 0x00, 0x00, 0xFF, 0xFF, 0xFF, 0x00, 0x00, 0xFF, 0xFF, 0xFF, 0x00, 0x00, 0xFF, 0xFF,
0xFF, 0x00, 0x00, 0xFF, 0xFF, 0xFF, 0x00, 0x00, 0xFF, 0xFF, 0xFF, 0x00, 0x00, 0xFF, 0xFF, 0xFF,
0x00, 0x00, 0xFF, 0xFF, 0xFF, 0x00, 0x00, 0xFF, 0xFF, 0xFF, 0x00, 0x00, 0xFF, 0xFF, 0xFF, 0x00,
0x00, 0xFF, 0xFF, 0xFF, 0x00, 0x00, 0xFF, 0xFF, 0xFF, 0x00, 0x00, 0xFF, 0xFF, 0xFF, 0xA2, 0xFF,
0xFF, 0xFF, 0xFF, 0xF6, 0xFF, 0xFF, 0xFF, 0xFC, 0x9B, 0xFE, 0xFF, 0xFE, 0x9F, 0x00, 0x00, 0x00,
0x00, 0x1E, 0xC9, 0xAD, 0x37, 0x00, 0x00, 0x00, 0x00, 0x03, 0x4E, 0xB4, 0xFD, 0xFF, 0xFF, 0xFF,
0xBE, 0x3F, 0x00, 0x00, 0xB3, 0xFF, 0xFF, 0xFF, 0xFF, 0xFF, 0xFF, 0xFF, 0xFC, 0x1E, 0x04, 0xFC,
0xFF, 0xFF, 0xFE, 0xBA, 0xDB, 0xFF, 0xFF, 0xFF, 0x4E, 0x00, 0x91, 0xE8, 0x85, 0x20, 0x00, 0x04,
0x65, 0xDF, 0xCE, 0x12, 0x00, 0x00, 0x93, 0xDC, 0x68, 0x0F, 0x00, 0x00, 0x00, 0x04, 0xFD, 0xFF,
0xFF, 0xF6, 0xA2, 0x40, 0x00, 0x00, 0xC1, 0xFF, 0xFF, 0xFF, 0xFF, 0xFF, 0x8C, 0x00, 0x0D, 0x6D,
0xCF, 0xFF, 0xFF, 0xFF, 0xE0, 0x00, 0x00, 0x00, 0x00, 0x32, 0x94, 0xF1, 0x7A, 0x00, 0x00, 0x00,
0x05, 0x67, 0xBE, 0xEA, 0xFB, 0xEC, 0xBB, 0x4E, 0x00, 0x9A, 0xF5, 0x94, 0x00, 0x00, 0x25, 0xD7,
0xFF, 0xFF, 0xFF, 0xFF, 0xFF, 0xFF, 0xFF, 0xA9, 0xFE, 0xFF, 0xFC, 0x00, 0x20, 0xEA, 0xFF, 0xFF,
0xFF, 0xFF, 0xFF, 0xFF, 0xFF, 0xFF, 0xFF, 0xFF, 0xFF, 0xFF, 0x00, 0xC7, 0xFF, 0xFF, 0xF5, 0x7D,
0x24, 0x06, 0x12, 0x52, 0xDD, 0xFF, 0xFF, 0xFF, 0xFF, 0x4B, 0xFF, 0xFF, 0xF8, 0x3A, 0x00, 0x00,
0x00, 0x00, 0x00, 0x1F, 0xEC, 0xFF, 0xFF, 0xFF, 0xA4, 0xFF, 0xFF, 0x88, 0x00, 0x00, 0x00, 0x00,
0x00, 0x00, 0x00, 0x6E, 0xFF, 0xFF, 0xFF, 0xDE, 0xFF, 0xFF, 0x2E, 0x00, 0x00, 0x00, 0x00, 0x00,
0x00, 0x00, 0x20, 0xFF, 0xFF, 0xFF, 0xF6, 0xFF, 0xFF, 0x09, 0x00, 0x00, 0x00, 0x00, 0x00, 0x00,
0x00, 0x06, 0xFF, 0xFF, 0xFF, 0xF6, 0xFF, 0xFF, 0x08, 0x00, 0x00, 0x00, 0x00, 0x00, 0x00, 0x00,
0x0A, 0xFF, 0xFF, 0xFF, 0xE0, 0xFF, 0xFF, 0x2D, 0x00, 0x00, 0x00, 0x00, 0x00, 0x00, 0x00, 0x2C,
0xFF, 0xFF, 0xFF, 0xA9, 0xFF, 0xFF, 0x85, 0x00, 0x00, 0x00, 0x00, 0x00, 0x00, 0x00, 0x7B, 0xFF,
0xFF, 0xFF, 0x51, 0xFF, 0xFF, 0xF7, 0x34, 0x00, 0x00, 0x00, 0x00, 0x00, 0x25, 0xF0, 0xFF, 0xFF,
0xFF, 0x01, 0xCD, 0xFF, 0xFF, 0xF2, 0x74, 0x1E, 0x05, 0x1A, 0x67, 0xEA, 0xFF, 0xFF, 0xFF, 0xFF,
0x00, 0x24, 0xEE, 0xFF, 0xFF, 0xFF, 0xFF, 0xFF, 0xFF, 0xFF, 0xFF, 0xFF, 0xFF, 0xFF, 0xFF, 0x00,
0x00, 0x29, 0xDA, 0xFF, 0xFF, 0xFF, 0xFF, 0xFF, 0xFF, 0xFE, 0x73, 0xFC, 0xFF, 0xF9, 0x00, 0x00,
0x00, 0x06, 0x69, 0xBE, 0xEB, 0xFB, 0xEC, 0xB9, 0x40, 0x00, 0x96, 0xF5, 0x83, 0x83, 0xF3, 0x80,
0x00, 0x00, 0x00, 0x00, 0x00, 0x00, 0x00, 0x00, 0x00, 0x00, 0x00, 0xF8, 0xFF, 0xF7, 0x00, 0x00,
0x00, 0x00, 0x00, 0x00, 0x00, 0x00, 0x00, 0x00, 0x00, 0xFF, 0xFF, 0xFF, 0x00, 0x00, 0x00, 0x00,
0x00, 0x00, 0x00, 0x00, 0x00, 0x00, 0x00, 0xFF, 0xFF, 0xFF, 0x00, 0x00, 0x00, 0x00, 0x00, 0x00,
0x00, 0x00, 0x00, 0x00, 0x00, 0xFF, 0xFF, 0xFF, 0x00, 0x00, 0x00, 0x00, 0x00, 0x00, 0x00, 0x00,
0x00, 0x00, 0x00, 0xFF, 0xFF, 0xFF, 0x00, 0x00, 0x00, 0x00, 0x00, 0x00, 0x00, 0x00, 0x00, 0x00,
0x00, 0xFF, 0xFF, 0xFF, 0x00, 0x00, 0x0F, 0x3E, 0x47, 0x29, 0x00, 0x00, 0x00, 0x00, 0x00, 0xFF,
0xFF, 0xFF, 0x00, 0x7B, 0xF8, 0xFF, 0xFF, 0xFF, 0xDD, 0x59, 0x00, 0x00, 0x00, 0xFF, 0xFF, 0xFF,
0x8A, 0xFF, 0xFF, 0xFF, 0xFF, 0xFF, 0xFF, 0xFF, 0x8D, 0x00, 0x00, 0xFF, 0xFF, 0xFF, 0xFF, 0xFF,
0xFF, 0xFF, 0xFF, 0xFF, 0xFF, 0xFF, 0xFF, 0x68, 0x00, 0xFF, 0xFF, 0xFF, 0xFF, 0xD7, 0x4B, 0x0C,
0x0E, 0x55, 0xE2, 0xFF, 0xFF, 0xF4, 0x12, 0xFF, 0xFF, 0xFF, 0xE6, 0x15, 0x00, 0x00, 0x00, 0x00,
0x20, 0xEF, 0xFF, 0xFF, 0x75, 0xFF, 0xFF, 0xFF, 0x6F, 0x00, 0x00, 0x00, 0x00, 0x00, 0x00, 0x7A,
0xFF, 0xFF, 0xBB, 0xFF, 0xFF, 0xFF, 0x26, 0x00, 0x00, 0x00, 0x00, 0x00, 0x00, 0x2B, 0xFF, 0xFF,
0xE7, 0xFF, 0xFF, 0xFF, 0x07, 0x00, 0x00, 0x00, 0x00, 0x00, 0x00, 0x09, 0xFF, 0xFF, 0xF9, 0xFF,
0xFF, 0xFF, 0x06, 0x00, 0x00, 0x00, 0x00, 0x00, 0x00, 0x08, 0xFF, 0xFF, 0xF2, 0xFF, 0xFF, 0xFF,
0x22, 0x00, 0x00, 0x00, 0x00, 0x00, 0x00, 0x27, 0xFF, 0xFF, 0xDA, 0xFF, 0xFF, 0xFF, 0x67, 0x00,
0x00, 0x00, 0x00, 0x00, 0x00, 0x72, 0xFF, 0xFF, 0xA4, 0xFF, 0xFF, 0xFF, 0xDF, 0x0F, 0x00, 0x00,
0x00, 0x00, 0x19, 0xEA, 0xFF, 0xFF, 0x51, 0xFF, 0xFF, 0xFF, 0xFF, 0xD0, 0x46, 0x0B, 0x0C, 0x4E,
0xDC, 0xFF, 0xFF, 0xD6, 0x03, 0xFF, 0xFF, 0xFF, 0xFF, 0xFF, 0xFF, 0xFF, 0xFF, 0xFF, 0xFF, 0xFF,
0xF9, 0x38, 0x00, 0xF8, 0xFF, 0xFA, 0x80, 0xFF, 0xFF, 0xFF, 0xFF, 0xFF, 0xFF, 0xF3, 0x4D, 0x00,
0x00, 0x7C, 0xF3, 0x8D, 0x00, 0x57, 0xC8, 0xF2, 0xF9, 0xDE, 0x95, 0x1F, 0x00, 0x00, 0x00, 0x00,
0x00, 0x00, 0x04, 0x62, 0xB7, 0xE7, 0xFA, 0xEB, 0xCA, 0x81, 0x16, 0x00, 0x00, 0x00, 0x26, 0xD6,
0xFF, 0xFF, 0xFF, 0xFF, 0xFF, 0xFF, 0xFF, 0xE3, 0x07, 0x00, 0x21, 0xEC, 0xFF, 0xFF, 0xFF, 0xFF,
0xFF, 0xFF, 0xFF, 0xFF, 0xEC, 0x07, 0x01, 0xCA, 0xFF, 0xFF, 0xF2, 0x73, 0x1D, 0x06, 0x1A, 0x3A,
0x5A, 0x20, 0x00, 0x4F, 0xFF, 0xFF, 0xF7, 0x33, 0x00, 0x00, 0x00, 0x00, 0x00, 0x00, 0x00, 0x00,
0xA6, 0xFF, 0xFF, 0x83, 0x00, 0x00, 0x00, 0x00, 0x00, 0x00, 0x00, 0x00, 0x00, 0xDE, 0xFF, 0xFF,
0x2C, 0x00, 0x00, 0x00, 0x00, 0x00, 0x00, 0x00, 0x00, 0x00, 0xF6, 0xFF, 0xFF, 0x08, 0x00, 0x00,
0x00, 0x00, 0x00, 0x00, 0x00, 0x00, 0x00, 0xF6, 0xFF, 0xFF, 0x09, 0x00, 0x00, 0x00, 0x00, 0x00,
0x00, 0x00, 0x00, 0x00, 0xE1, 0xFF, 0xFF, 0x32, 0x00, 0x00, 0x00, 0x00, 0x00, 0x00, 0x00, 0x00,
0x00, 0xAB, 0xFF, 0xFF, 0x8D, 0x00, 0x00, 0x00, 0x00, 0x00, 0x00, 0x00, 0x00, 0x00, 0x57, 0xFF,
0xFF, 0xFA, 0x3B, 0x00, 0x00, 0x00, 0x00, 0x00, 0x00, 0x00, 0x00, 0x03, 0xD4, 0xFF, 0xFF, 0xF4,
0x74, 0x1B, 0x03, 0x2F, 0x9B, 0xEB, 0x9B, 0x00, 0x00, 0x2A, 0xF2, 0xFF, 0xFF, 0xFF, 0xFF, 0xFF,
0xFF, 0xFF, 0xFF, 0xFF, 0x08, 0x00, 0x00, 0x2F, 0xDF, 0xFF, 0xFF, 0xFF, 0xFF, 0xFF, 0xFF, 0xFF,
0xAC, 0x00, 0x00, 0x00, 0x00, 0x07, 0x6B, 0xBD, 0xEA, 0xFA, 0xE7, 0xBB, 0x5E, 0x03, 0x00, 0x00,
0x00, 0x00, 0x00, 0x00, 0x00, 0x00, 0x00, 0x00, 0x00, 0x00, 0x00, 0x88, 0xF3, 0x87, 0x00, 0x00,
0x00, 0x00, 0x00, 0x00, 0x00, 0x00, 0x00, 0x00, 0x00, 0x00, 0xF9, 0xFF, 0xF9, 0x00, 0x00, 0x00,
0x00, 0x00, 0x00, 0x00, 0x00, 0x00, 0x00, 0x00, 0x00, 0xFF, 0xFF, 0xFF, 0x00, 0x00, 0x00, 0x00,
0x00, 0x00, 0x00, 0x00, 0x00, 0x00, 0x00, 0x00, 0xFF, 0xFF, 0xFF, 0x00, 0x00, 0x00, 0x00, 0x00,
0x00, 0x00, 0x00, 0x00, 0x00, 0x00, 0x00, 0xFF, 0xFF, 0xFF, 0x00, 0x00, 0x00, 0x00, 0x00, 0x00,
0x00, 0x00, 0x00, 0x00, 0x00, 0x00, 0xFF, 0xFF, 0xFF, 0x00, 0x00, 0x00, 0x00, 0x00, 0x0C, 0x36,
0x49, 0x39, 0x08, 0x00, 0x00, 0xFF, 0xFF, 0xFF, 0x00, 0x00, 0x00, 0x25, 0xAB, 0xF8, 0xFF, 0xFF,
0xFF, 0xF1, 0x67, 0x00, 0xFF, 0xFF, 0xFF, 0x00, 0x00, 0x50, 0xF6, 0xFF, 0xFF, 0xFF, 0xFF, 0xFF,
0xFF, 0xFF, 0x80, 0xFF, 0xFF, 0xFF, 0x00, 0x3D, 0xFC, 0xFF, 0xFF, 0xFF, 0xFF, 0xFF, 0xFF, 0xFF,
0xFF, 0xFF, 0xFF, 0xFF, 0xFF, 0x06, 0xE1, 0xFF, 0xFF, 0xFA, 0x86, 0x25, 0x06, 0x1A, 0x68, 0xEB,
0xFF, 0xFF, 0xFF, 0xFF, 0x62, 0xFF, 0xFF, 0xFD, 0x4B, 0x00, 0x00, 0x00, 0x00, 0x00, 0x29, 0xF4,
0xFF, 0xFF, 0xFF, 0xB1, 0xFF, 0xFF, 0x94, 0x00, 0x00, 0x00, 0x00, 0x00, 0x00, 0x00, 0x84, 0xFF,
0xFF, 0xFF, 0xE4, 0xFF, 0xFF, 0x33, 0x00, 0x00, 0x00, 0x00, 0x00, 0x00, 0x00, 0x32, 0xFF, 0xFF,
0xFF, 0xF8, 0xFF, 0xFF, 0x09, 0x00, 0x00, 0x00, 0x00, 0x00, 0x00, 0x00, 0x0C, 0xFF, 0xFF, 0xFF,
0xF4, 0xFF, 0xFF, 0x09, 0x00, 0x00, 0x00, 0x00, 0x00, 0x00, 0x00, 0x06, 0xFF, 0xFF, 0xFF, 0xDA,
0xFF, 0xFF, 0x30, 0x00, 0x00, 0x00, 0x00, 0x00, 0x00, 0x00, 0x23, 0xFF, 0xFF, 0xFF, 0x9E, 0xFF,
0xFF, 0x8A, 0x00, 0x00, 0x00, 0x00, 0x00, 0x00, 0x00, 0x74, 0xFF, 0xFF, 0xFF, 0x42, 0xFF, 0xFF,
0xF9, 0x38, 0x00, 0x00, 0x00, 0x00, 0x00, 0x28, 0xEF, 0xFF, 0xFF, 0xFF, 0x00, 0xBD, 0xFF, 0xFF,
0xF3, 0x74, 0x1C, 0x05, 0x1E, 0x6F, 0xEE, 0xFF, 0xFF, 0xFF, 0xFF, 0x00, 0x1A, 0xE5, 0xFF, 0xFF,
0xFF, 0xFF, 0xFF, 0xFF, 0xFF, 0xFF, 0xFF, 0xFF, 0xFF, 0xFF, 0x00, 0x00, 0x21, 0xD5, 0xFF, 0xFF,
0xFF, 0xFF, 0xFF, 0xFF, 0xFA, 0x69, 0xFD, 0xFF, 0xF8, 0x00, 0x00, 0x00, 0x05, 0x68, 0xC1, 0xED,
0xF9, 0xE4, 0xA5, 0x2B, 0x00, 0x97, 0xF4, 0x81, 0x00, 0x00, 0x00, 0x01, 0x56, 0xB1, 0xE6, 0xF9,
0xE6, 0xBB, 0x63, 0x06, 0x00, 0x00, 0x00, 0x00, 0x00, 0x18, 0xC5, 0xFF, 0xFF, 0xFF, 0xFF, 0xFF,
0xFF, 0xFF, 0xD9, 0x32, 0x00, 0x00, 0x00, 0x15, 0xDF, 0xFF, 0xFF, 0xFF, 0xFF, 0xFF, 0xFF, 0xFF,
0xFF, 0xFF, 0xEE, 0x26, 0x00, 0x00, 0xB9, 0xFF, 0xFF, 0xE3, 0x59, 0x16, 0x06, 0x25, 0x6E, 0xED,
0xFF, 0xFF, 0xC0, 0x00, 0x43, 0xFF, 0xFF, 0xEF, 0x24, 0x00, 0x00, 0x00, 0x00, 0x00, 0x2B, 0xF5,
0xFF, 0xFF, 0x3A, 0xA0, 0xFF, 0xFF, 0x6D, 0x00, 0x00, 0x00, 0x00, 0x00, 0x00, 0x00, 0x7F, 0xFF,
0xFF, 0x9A, 0xDD, 0xFF, 0xFF, 0x1B, 0x00, 0x00, 0x00, 0x00, 0x00, 0x00, 0x00, 0x29, 0xFF, 0xFF,
0xDD, 0xF5, 0xFF, 0xFF, 0xFF, 0xFF, 0xFF, 0xFF, 0xFF, 0xFF, 0xFF, 0xFF, 0xFF, 0xFF, 0xFF, 0xF8,
0xF6, 0xFF, 0xFF, 0xFF, 0xFF, 0xFF, 0xFF, 0xFF, 0xFF, 0xFF, 0xFF, 0xFF, 0xFF, 0xFB, 0xA9, 0xDF,
0xFF, 0xFF, 0x97, 0x00, 0x00, 0x00, 0x00, 0x00, 0x00, 0x00, 0x00, 0x00, 0x00, 0x00, 0xA6, 0xFF,
0xFF, 0xE7, 0x06, 0x00, 0x00, 0x00, 0x00, 0x00, 0x00, 0x00, 0x00, 0x00, 0x00, 0x4F, 0xFF, 0xFF,
0xFF, 0x80, 0x00, 0x00, 0x00, 0x00, 0x00, 0x00, 0x44, 0xD6, 0xDE, 0x1E, 0x01, 0xC9, 0xFF, 0xFF,
0xFF, 0x9C, 0x32, 0x0A, 0x11, 0x3B, 0xA6, 0xFE, 0xFF, 0xFF, 0x59, 0x00, 0x1F, 0xE8, 0xFF, 0xFF,
0xFF, 0xFF, 0xFF, 0xFF, 0xFF, 0xFF, 0xFF, 0xFF, 0xD4, 0x0E, 0x00, 0x00, 0x20, 0xCC, 0xFF, 0xFF,
0xFF, 0xFF, 0xFF, 0xFF, 0xFF, 0xFE, 0xA5, 0x0D, 0x00, 0x00, 0x00, 0x00, 0x01, 0x56, 0xAD, 0xE3,
0xF8, 0xF0, 0xD1, 0x8D, 0x2F, 0x00, 0x00, 0x00, 0x00, 0x00, 0x00, 0x00, 0x6B, 0xE0, 0xFE, 0xF6,
0x80, 0x00, 0x00, 0x00, 0x59, 0xFF, 0xFF, 0xFF, 0xFF, 0xF4, 0x00, 0x00, 0x00, 0xCF, 0xFF, 0xFF,
0xFF, 0xFE, 0x9E, 0x00, 0x00, 0x00, 0xF7, 0xFF, 0xFF, 0x36, 0x00, 0x00, 0x00, 0x00, 0x00, 0xFF,
0xFF, 0xFF, 0x01, 0x00, 0x00, 0x00, 0x00, 0x00, 0xFF, 0xFF, 0xFF, 0x00, 0x00, 0x00, 0x00, 0x00,
0x00, 0xFF, 0xFF, 0xFF, 0x00, 0x00, 0x00, 0x8C, 0xF9, 0xFF, 0xFF, 0xFF, 0xFF, 0xFF, 0xFC, 0x8E,
0xF4, 0xFF, 0xFF, 0xFF, 0xFF, 0xFF, 0xFF, 0xFF, 0xF4, 0x82, 0xF8, 0xFF, 0xFF, 0xFF, 0xFF, 0xFF,
0xFC, 0x8E, 0x00, 0x00, 0x00, 0xFF, 0xFF, 0xFF, 0x00, 0x00, 0x00, 0x00, 0x00, 0x00, 0xFF, 0xFF,
0xFF, 0x00, 0x00, 0x00, 0x00, 0x00, 0x00, 0xFF, 0xFF, 0xFF, 0x00, 0x00, 0x00, 0x00, 0x00, 0x00,
0xFF, 0xFF, 0xFF, 0x00, 0x00, 0x00, 0x00, 0x00, 0x00, 0xFF, 0xFF, 0xFF, 0x00, 0x00, 0x00, 0x00,
0x00, 0x00, 0xFF, 0xFF, 0xFF, 0x00, 0x00, 0x00, 0x00, 0x00, 0x00, 0xFF, 0xFF, 0xFF, 0x00, 0x00,
0x00, 0x00, 0x00, 0x00, 0xFF, 0xFF, 0xFF, 0x00, 0x00, 0x00, 0x00, 0x00, 0x00, 0xFF, 0xFF, 0xFF,
0x00, 0x00, 0x00, 0x00, 0x00, 0x00, 0xFF, 0xFF, 0xFF, 0x00, 0x00, 0x00, 0x00, 0x00, 0x00, 0xFF,
0xFF, 0xFF, 0x00, 0x00, 0x00, 0x00, 0x00, 0x00, 0xF9, 0xFF, 0xF9, 0x00, 0x00, 0x00, 0x00, 0x00,
0x00, 0x86, 0xF4, 0x83, 0x00, 0x00, 0x00, 0x00, 0x00, 0x00, 0x04, 0x63, 0xBB, 0xE9, 0xFA, 0xE8,
0xAE, 0x36, 0x00, 0x99, 0xF4, 0x8C, 0x00, 0x00, 0x22, 0xD3, 0xFF, 0xFF, 0xFF, 0xFF, 0xFF, 0xFF,
0xFD, 0x7D, 0xFE, 0xFF, 0xFC, 0x00, 0x1C, 0xE7, 0xFF, 0xFF, 0xFF, 0xFF, 0xFF, 0xFF, 0xFF, 0xFF,
0xFF, 0xFF, 0xFF, 0xFF, 0x00, 0xC1, 0xFF, 0xFF, 0xF1, 0x75, 0x20, 0x05, 0x13, 0x52, 0xD9, 0xFF,
0xFF, 0xFF, 0xFF, 0x46, 0xFF, 0xFF, 0xF6, 0x31, 0x00, 0x00, 0x00, 0x00, 0x00, 0x17, 0xE8, 0xFF,
0xFF, 0xFF, 0xA0, 0xFF, 0xFF, 0x82, 0x00, 0x00, 0x00, 0x00, 0x00, 0x00, 0x00, 0x61, 0xFF, 0xFF,
0xFF, 0xDC, 0xFF, 0xFF, 0x2B, 0x00, 0x00, 0x00, 0x00, 0x00, 0x00, 0x00, 0x1A, 0xFF, 0xFF, 0xFF,
0xF5, 0xFF, 0xFF, 0x08, 0x00, 0x00, 0x00, 0x00, 0x00, 0x00, 0x00, 0x07, 0xFF, 0xFF, 0xFF, 0xF8,
0xFF, 0xFF, 0x09, 0x00, 0x00, 0x00, 0x00, 0x00, 0x00, 0x00, 0x04, 0xFF, 0xFF, 0xFF, 0xE3, 0xFF,
0xFF, 0x2E, 0x00, 0x00, 0x00, 0x00, 0x00, 0x00, 0x00, 0x1E, 0xFF, 0xFF, 0xFF, 0xB0, 0xFF, 0xFF,
0x83, 0x00, 0x00, 0x00, 0x00, 0x00, 0x00, 0x00, 0x6A, 0xFF, 0xFF, 0xFF, 0x5E, 0xFF, 0xFF, 0xF5,
0x2F, 0x00, 0x00, 0x00, 0x00, 0x00, 0x1B, 0xE8, 0xFF, 0xFF, 0xFF, 0x05, 0xDC, 0xFF, 0xFF, 0xF0,
0x71, 0x1E, 0x04, 0x17, 0x5F, 0xE3, 0xFF, 0xFF, 0xFF, 0xFF, 0x00, 0x34, 0xF7, 0xFF, 0xFF, 0xFF,
0xFF, 0xFF, 0xFF, 0xFF, 0xFF, 0xFF, 0xFF, 0xFF, 0xFF, 0x00, 0x00, 0x3A, 0xE7, 0xFF, 0xFF, 0xFF,
0xFF, 0xFF, 0xFF, 0xFD, 0x70, 0xFF, 0xFF, 0xFE, 0x00, 0x00, 0x00, 0x0C, 0x76, 0xC6, 0xEE, 0xFA,
0xE9, 0xB1, 0x38, 0x0C, 0xFF, 0xFF, 0xF1, 0x00, 0x00, 0x00, 0x00, 0x00, 0x00, 0x00, 0x00, 0x00,
0x00, 0x00, 0x40, 0xFF, 0xFF, 0xD5, 0x00, 0x00, 0x00, 0x00, 0x00, 0x00, 0x00, 0x00, 0x00, 0x00,
0x0C, 0xCA, 0xFF, 0xFF, 0x9A, 0x37, 0xE1, 0xE7, 0xA4, 0x61, 0x29, 0x10, 0x05, 0x21, 0x68, 0xDC,
0xFF, 0xFF, 0xFC, 0x31, 0x79, 0xFF, 0xFF, 0xFF, 0xFF, 0xFF, 0xFF, 0xFF, 0xFF, 0xFF, 0xFF, 0xFF,
0xFD, 0x69, 0x00, 0x06, 0x91, 0xFB, 0xFF, 0xFF, 0xFF, 0xFF, 0xFF, 0xFF, 0xFF, 0xFF, 0xE4, 0x4C,
0x00, 0x00, 0x00, 0x00, 0x1B, 0x6D, 0xB9, 0xDB, 0xF2, 0xF7, 0xE1, 0xB0, 0x66, 0x08, 0x00, 0x00,
0x00, 0x88, 0xF3, 0x87, 0x00, 0x00, 0x00, 0x00, 0x00, 0x00, 0x00, 0x00, 0x00, 0x00, 0xF9, 0xFF,
0xF9, 0x00, 0x00, 0x00, 0x00, 0x00, 0x00, 0x00, 0x00, 0x00, 0x00, 0xFF, 0xFF, 0xFF, 0x00, 0x00,
0x00, 0x00, 0x00, 0x00, 0x00, 0x00, 0x00, 0x00, 0xFF, 0xFF, 0xFF, 0x00, 0x00, 0x00, 0x00, 0x00,
0x00, 0x00, 0x00, 0x00, 0x00, 0xFF, 0xFF, 0xFF, 0x00, 0x00, 0x00, 0x00, 0x00, 0x00, 0x00, 0x00,
0x00, 0x00, 0xFF, 0xFF, 0xFF, 0x00, 0x00, 0x00, 0x00, 0x00, 0x00, 0x00, 0x00, 0x00, 0x00, 0xFF,
0xFF, 0xFF, 0x00, 0x00, 0x00, 0x00, 0x00, 0x00, 0x00, 0x00, 0x00, 0x00, 0xFF, 0xFF, 0xFF, 0x06,
0x65, 0xBA, 0xED, 0xF9, 0xDF, 0x99, 0x24, 0x00, 0x00, 0xFF, 0xFF, 0xFF, 0xD0, 0xFF, 0xFF, 0xFF,
0xFF, 0xFF, 0xFF, 0xF5, 0x4F, 0x00, 0xFF, 0xFF, 0xFF, 0xFF, 0xFF, 0xFF, 0xFF, 0xFF, 0xFF, 0xFF,
0xFF, 0xF6, 0x25, 0xFF, 0xFF, 0xFF, 0xFF, 0xAC, 0x32, 0x0B, 0x2B, 0xA1, 0xFF, 0xFF, 0xFF, 0x9A,
0xFF, 0xFF, 0xFF, 0x98, 0x00, 0x00, 0x00, 0x00, 0x00, 0x9E, 0xFF, 0xFF, 0xDE, 0xFF, 0xFF, 0xFF,
0x1D, 0x00, 0x00, 0x00, 0x00, 0x00, 0x28, 0xFF, 0xFF, 0xF9, 0xFF, 0xFF, 0xFF, 0x00, 0x00, 0x00,
0x00, 0x00, 0x00, 0x02, 0xFF, 0xFF, 0xFF, 0xFF, 0xFF, 0xFF, 0x00, 0x00, 0x00, 0x00, 0x00, 0x00,
0x00, 0xFF, 0xFF, 0xFF, 0xFF, 0xFF, 0xFF, 0x00, 0x00, 0x00, 0x00, 0x00, 0x00, 0x00, 0xFF, 0xFF,
0xFF, 0xFF, 0xFF, 0xFF, 0x00, 0x00, 0x00, 0x00, 0x00, 0x00, 0x00, 0xFF, 0xFF, 0xFF, 0xFF, 0xFF,
0xFF, 0x00, 0x00, 0x00, 0x00, 0x00, 0x00, 0x00, 0xFF, 0xFF, 0xFF, 0xFF, 0xFF, 0xFF, 0x00, 0x00,
0x00, 0x00, 0x00, 0x00, 0x00, 0xFF, 0xFF, 0xFF, 0xFF, 0xFF, 0xFF, 0x00, 0x00, 0x00, 0x00, 0x00,
0x00, 0x00, 0xFF, 0xFF, 0xFF, 0xFF, 0xFF, 0xFF, 0x00, 0x00, 0x00, 0x00, 0x00, 0x00, 0x00, 0xFF,
0xFF, 0xFF, 0xFA, 0xFF, 0xFB, 0x00, 0x00, 0x00, 0x00, 0x00, 0x00, 0x00, 0xFB, 0xFF, 0xFA, 0x83,
0xF3, 0x8B, 0x00, 0x00, 0x00, 0x00, 0x00, 0x00, 0x00, 0x8A, 0xF4, 0x89, 0x63, 0xEE, 0x6E, 0xE8,
0xFF, 0xEA, 0xEA, 0xFF, 0xEC, 0x65, 0xEF, 0x6F, 0x00, 0x00, 0x00, 0x00, 0x00, 0x00, 0x83, 0xF3,
0x87, 0xF9, 0xFF, 0xF9, 0xFF, 0xFF, 0xFF, 0xFF, 0xFF, 0xFF, 0xFF, 0xFF, 0xFF, 0xFF, 0xFF, 0xFF,
0xFF, 0xFF, 0xFF, 0xFF, 0xFF, 0xFF, 0xFF, 0xFF, 0xFF, 0xFF, 0xFF, 0xFF, 0xFF, 0xFF, 0xFF, 0xFF,
0xFF, 0xFF, 0xFF, 0xFF, 0xFF, 0xFF, 0xFF, 0xFF, 0xF9, 0xFF, 0xF9, 0x8B, 0xF4, 0x83, 0x64, 0xEE,
0x6D, 0xE8, 0xFF, 0xEA, 0xED, 0xFF, 0xEC, 0x6F, 0xF0, 0x6E, 0x00, 0x00, 0x00, 0x00, 0x00, 0x00,
0x83, 0xF3, 0x87, 0xF9, 0xFF, 0xF9, 0xFF, 0xFF, 0xFF, 0xFF, 0xFF, 0xFF, 0xFF, 0xFF, 0xFF, 0xFF,
0xFF, 0xFF, 0xFF, 0xFF, 0xFF, 0xFF, 0xFF, 0xFF, 0xFF, 0xFF, 0xFF, 0xFF, 0xFF, 0xFF, 0xFF, 0xFF,
0xFF, 0xFF, 0xFF, 0xFF, 0xFF, 0xFF, 0xFF, 0xFF, 0xFF, 0xFF, 0xFF, 0xFF, 0xFF, 0xFF, 0xFF, 0xFF,
0xFF, 0xFF, 0xFF, 0xFF, 0xFF, 0xFF, 0xFF, 0xFF, 0xFF, 0xFF, 0xFF, 0xFF, 0xF9, 0xFF, 0xF9, 0x85,
0xF3, 0x84, 0x83, 0xF3, 0x8A, 0x00, 0x00, 0x00, 0x00, 0x00, 0x00, 0x00, 0x00, 0x00, 0x00, 0xF9,
0xFF, 0xF9, 0x00, 0x00, 0x00, 0x00, 0x00, 0x00, 0x00, 0x00, 0x00, 0x00, 0xFF, 0xFF, 0xFF, 0x00,
0x00, 0x00, 0x00, 0x00, 0x00, 0x00, 0x00, 0x00, 0x00, 0xFF, 0xFF, 0xFF, 0x00, 0x00, 0x00, 0x00,
0x00, 0x00, 0x00, 0x00, 0x00, 0x00, 0xFF, 0xFF, 0xFF, 0x00, 0x00, 0x00, 0x00, 0x00, 0x00, 0x00,
0x00, 0x00, 0x00, 0xFF, 0xFF, 0xFF, 0x00, 0x00, 0x00, 0x00, 0x00, 0x00, 0x00, 0x00, 0x00, 0x00,
0xFF, 0xFF, 0xFF, 0x00, 0x00, 0x00, 0x00, 0x00, 0x00, 0x14, 0x3D, 0x01, 0x00, 0xFF, 0xFF, 0xFF,
0x00, 0x00, 0x00, 0x00, 0x00, 0x4E, 0xEE, 0xFF, 0x8A, 0x00, 0xFF, 0xFF, 0xFF, 0x00, 0x00, 0x00,
0x02, 0x84, 0xFE, 0xFF, 0xFF, 0xB5, 0x00, 0xFF, 0xFF, 0xFF, 0x00, 0x00, 0x13, 0xBA, 0xFF, 0xFF,
0xFF, 0xE2, 0x29, 0x00, 0xFF, 0xFF, 0xFF, 0x00, 0x34, 0xE0, 0xFF, 0xFF, 0xFF, 0xBB, 0x14, 0x00,
0x00, 0xFF, 0xFF, 0xFF, 0x64, 0xF8, 0xFF, 0xFF, 0xFE, 0x84, 0x02, 0x00, 0x00, 0x00, 0xFF, 0xFF,
0xFF, 0xFF, 0xFF, 0xFF, 0xEE, 0x4B, 0x00, 0x00, 0x00, 0x00, 0x00, 0xFF, 0xFF, 0xFF, 0xFF, 0xFF,
0xF6, 0x24, 0x00, 0x00, 0x00, 0x00, 0x00, 0x00, 0xFF, 0xFF, 0xFF, 0xFF, 0xFF, 0xFF, 0x98, 0x00,
0x00, 0x00, 0x00, 0x00, 0x00, 0xFF, 0xFF, 0xFF, 0x8D, 0xFF, 0xFF, 0xFF, 0x7F, 0x00, 0x00, 0x00,
0x00, 0x00, 0xFF, 0xFF, 0xFF, 0x01, 0xA5, 0xFF, 0xFF, 0xFF, 0x65, 0x00, 0x00, 0x00, 0x00, 0xFF,
0xFF, 0xFF, 0x00, 0x05, 0xBB, 0xFF, 0xFF, 0xFC, 0x4E, 0x00, 0x00, 0x00, 0xFF, 0xFF, 0xFF, 0x00,
0x00, 0x0D, 0xCD, 0xFF, 0xFF, 0xF6, 0x3A, 0x00, 0x00, 0xFF, 0xFF, 0xFF, 0x00, 0x00, 0x00, 0x17,
0xDD, 0xFF, 0xFF, 0xED, 0x29, 0x00, 0xFF, 0xFF, 0xFF, 0x00, 0x00, 0x00, 0x00, 0x24, 0xEA, 0xFF,
0xFF, 0xE1, 0x1B, 0xF9, 0xFF, 0xF8, 0x00, 0x00, 0x00, 0x00, 0x00, 0x35, 0xF4, 0xFF, 0xFF, 0x9A,
0x82, 0xF3, 0x84, 0x00, 0x00, 0x00, 0x00, 0x00, 0x00, 0x44, 0xD9, 0xED, 0x4D, 0x83, 0xF3, 0x81,
0xF9, 0xFF, 0xF8, 0xFF, 0xFF, 0xFF, 0xFF, 0xFF, 0xFF, 0xFF, 0xFF, 0xFF, 0xFF, 0xFF, 0xFF, 0xFF,
0xFF, 0xFF, 0xFF, 0xFF, 0xFF, 0xFF, 0xFF, 0xFF, 0xFF, 0xFF, 0xFF, 0xFF, 0xFF, 0xFF, 0xFF, 0xFF,
0xFF, 0xFF, 0xFF, 0xFF, 0xFF, 0xFF, 0xFF, 0xFF, 0xFF, 0xFF, 0xFF, 0xFF, 0xFF, 0xFF, 0xFF, 0xFF,
0xFF, 0xFF, 0xFF, 0xFF, 0xFF, 0xFF, 0xFF, 0xFF, 0xFF, 0xFF, 0xFF, 0xFF, 0xF8, 0xFF, 0xF7, 0x83,
0xF3, 0x81, 0x8D, 0xF5, 0xA3, 0x09, 0x70, 0xC2, 0xF0, 0xF8, 0xD9, 0x94, 0x2D, 0x00, 0x00, 0x1A,
0x82, 0xCC, 0xF3, 0xF9, 0xE4, 0xAB, 0x3B, 0x00, 0x00, 0xFC, 0xFF, 0xFF, 0xD3, 0xFF, 0xFF, 0xFF,
0xFF, 0xFF, 0xFF, 0xFC, 0x59, 0x4F, 0xF1, 0xFF, 0xFF, 0xFF, 0xFF, 0xFF, 0xFF, 0xFD, 0x61, 0x00,
0xFF, 0xFF, 0xFF, 0xFF, 0xFF, 0xFF, 0xFF, 0xFF, 0xFF, 0xFF, 0xFF, 0xF6, 0xF9, 0xFF, 0xFF, 0xFF,
0xFF, 0xFF, 0xFF, 0xFF, 0xFF, 0xFC, 0x3A, 0xFF, 0xFF, 0xFF, 0xFE, 0x98, 0x2A, 0x0A, 0x2B, 0x9A,
0xFF, 0xFF, 0xFF, 0xFF, 0xFF, 0xAB, 0x37, 0x0D, 0x20, 0x82, 0xFB, 0xFF, 0xFF, 0xB8, 0xFF, 0xFF,
0xFF, 0x7C, 0x00, 0x00, 0x00, 0x00, 0x00, 0x82, 0xFF, 0xFF, 0xFF, 0x87, 0x00, 0x00, 0x00, 0x00,
0x00, 0x7A, 0xFF, 0xFF, 0xEE, 0xFF, 0xFF, 0xFF, 0x11, 0x00, 0x00, 0x00, 0x00, 0x00, 0x14, 0xFF,
0xFF, 0xFF, 0x12, 0x00, 0x00, 0x00, 0x00, 0x00, 0x18, 0xFF, 0xFF, 0xFE, 0xFF, 0xFF, 0xFF, 0x00,
0x00, 0x00, 0x00, 0x00, 0x00, 0x00, 0xFF, 0xFF, 0xFF, 0x00, 0x00, 0x00, 0x00, 0x00, 0x00, 0x00,
0xFF, 0xFF, 0xFF, 0xFF, 0xFF, 0xFF, 0x00, 0x00, 0x00, 0x00, 0x00, 0x00, 0x00, 0xFF, 0xFF, 0xFF,
0x00, 0x00, 0x00, 0x00, 0x00, 0x00, 0x00, 0xFF, 0xFF, 0xFF, 0xFF, 0xFF, 0xFF, 0x00, 0x00, 0x00,
0x00, 0x00, 0x00, 0x00, 0xFF, 0xFF, 0xFF, 0x00, 0x00, 0x00, 0x00, 0x00, 0x00, 0x00, 0xFF, 0xFF,
0xFF, 0xFF, 0xFF, 0xFF, 0x00, 0x00, 0x00, 0x00, 0x00, 0x00, 0x00, 0xFF, 0xFF, 0xFF, 0x00, 0x00,
0x00, 0x00, 0x00, 0x00, 0x00, 0xFF, 0xFF, 0xFF, 0xFF, 0xFF, 0xFF, 0x00, 0x00, 0x00, 0x00, 0x00,
0x00, 0x00, 0xFF, 0xFF, 0xFF, 0x00, 0x00, 0x00, 0x00, 0x00, 0x00, 0x00, 0xFF, 0xFF, 0xFF, 0xFF,
0xFF, 0xFF, 0x00, 0x00, 0x00, 0x00, 0x00, 0x00, 0x00, 0xFF, 0xFF, 0xFF, 0x00, 0x00, 0x00, 0x00,
0x00, 0x00, 0x00, 0xFF, 0xFF, 0xFF, 0xFF, 0xFF, 0xFF, 0x00, 0x00, 0x00, 0x00, 0x00, 0x00, 0x00,
0xFF, 0xFF, 0xFF, 0x00, 0x00, 0x00, 0x00, 0x00, 0x00, 0x00, 0xFF, 0xFF, 0xFF, 0xFF, 0xFF, 0xFF,
0x00, 0x00, 0x00, 0x00, 0x00, 0x00, 0x00, 0xFF, 0xFF, 0xFF, 0x00, 0x00, 0x00, 0x00, 0x00, 0x00,
0x00, 0xFF, 0xFF, 0xFF, 0xF9, 0xFF, 0xFA, 0x00, 0x00, 0x00, 0x00, 0x00, 0x00, 0x00, 0xFA, 0xFF,
0xF9, 0x00, 0x00, 0x00, 0x00, 0x00, 0x00, 0x00, 0xFA, 0xFF, 0xF8, 0x83, 0xF4, 0x8D, 0x00, 0x00,
0x00, 0x00, 0x00, 0x00, 0x00, 0x8C, 0xF4, 0x84, 0x00, 0x00, 0x00, 0x00, 0x00, 0x00, 0x00, 0x86,
0xF3, 0x83, 0x8E, 0xF5, 0xA3, 0x01, 0x56, 0xB5, 0xEC, 0xF8, 0xD8, 0x89, 0x15, 0x00, 0x00, 0xFC,
0xFF, 0xFE, 0xB4, 0xFF, 0xFF, 0xFF, 0xFF, 0xFF, 0xFF, 0xEE, 0x45, 0x00, 0xFF, 0xFF, 0xFF, 0xFF,
0xFF, 0xFF, 0xFF, 0xFF, 0xFF, 0xFF, 0xFF, 0xFA, 0x34, 0xFF, 0xFF, 0xFF, 0xFF, 0xAA, 0x31, 0x0B,
0x2A, 0x9E, 0xFF, 0xFF, 0xFF, 0xAB, 0xFF, 0xFF, 0xFF, 0x94, 0x00, 0x00, 0x00, 0x00, 0x00, 0x9B,
0xFF, 0xFF, 0xE5, 0xFF, 0xFF, 0xFF, 0x1C, 0x00, 0x00, 0x00, 0x00, 0x00, 0x27, 0xFF, 0xFF, 0xFA,
0xFF, 0xFF, 0xFF, 0x00, 0x00, 0x00, 0x00, 0x00, 0x00, 0x02, 0xFF, 0xFF, 0xFF, 0xFF, 0xFF, 0xFF,
0x00, 0x00, 0x00, 0x00, 0x00, 0x00, 0x00, 0xFF, 0xFF, 0xFF, 0xFF, 0xFF, 0xFF, 0x00, 0x00, 0x00,
0x00, 0x00, 0x00, 0x00, 0xFF, 0xFF, 0xFF, 0xFF, 0xFF, 0xFF, 0x00, 0x00, 0x00, 0x00, 0x00, 0x00,
0x00, 0xFF, 0xFF, 0xFF, 0xFF, 0xFF, 0xFF, 0x00, 0x00, 0x00, 0x00, 0x00, 0x00, 0x00, 0xFF, 0xFF,
0xFF, 0xFF, 0xFF, 0xFF, 0x00, 0x00, 0x00, 0x00, 0x00, 0x00, 0x00, 0xFF, 0xFF, 0xFF, 0xFF, 0xFF,
0xFF, 0x00, 0x00, 0x00, 0x00, 0x00, 0x00, 0x00, 0xFF, 0xFF, 0xFF, 0xFF, 0xFF, 0xFF, 0x00, 0x00,
0x00, 0x00, 0x00, 0x00, 0x00, 0xFF, 0xFF, 0xFF, 0xFA, 0xFF, 0xFB, 0x00, 0x00, 0x00, 0x00, 0x00,
0x00, 0x00, 0xFA, 0xFF, 0xF9, 0x86, 0xF4, 0x8B, 0x00, 0x00, 0x00, 0x00, 0x00, 0x00, 0x00, 0x87,
0xF4, 0x84, 0x00, 0x00, 0x00, 0x02, 0x5C, 0xB5, 0xE7, 0xF9, 0xE7, 0xB4, 0x59, 0x01, 0x00, 0x00,
0x00, 0x00, 0x00, 0x1C, 0xCC, 0xFF, 0xFF, 0xFF, 0xFF, 0xFF, 0xFF, 0xFF, 0xC7, 0x19, 0x00, 0x00,
0x00, 0x19, 0xE3, 0xFF, 0xFF, 0xFF, 0xFF, 0xFF, 0xFF, 0xFF, 0xFF, 0xFF, 0xDF, 0x15, 0x00, 0x00,
0xBF, 0xFF, 0xFF, 0xF4, 0x78, 0x20, 0x06, 0x20, 0x78, 0xF5, 0xFF, 0xFF, 0xB8, 0x00, 0x48, 0xFF,
0xFF, 0xF9, 0x39, 0x00, 0x00, 0x00, 0x00, 0x00, 0x3C, 0xFA, 0xFF, 0xFF, 0x43, 0xA3, 0xFF, 0xFF,
0x89, 0x00, 0x00, 0x00, 0x00, 0x00, 0x00, 0x00, 0x8C, 0xFF, 0xFF, 0x9F, 0xDE, 0xFF, 0xFF, 0x2E,
0x00, 0x00, 0x00, 0x00, 0x00, 0x00, 0x00, 0x30, 0xFF, 0xFF, 0xDC, 0xF6, 0xFF, 0xFF, 0x08, 0x00,
0x00, 0x00, 0x00, 0x00, 0x00, 0x00, 0x0A, 0xFF, 0xFF, 0xF5, 0xF5, 0xFF, 0xFF, 0x08, 0x00, 0x00,
0x00, 0x00, 0x00, 0x00, 0x00, 0x09, 0xFF, 0xFF, 0xF4, 0xDD, 0xFF, 0xFF, 0x2C, 0x00, 0x00, 0x00,
0x00, 0x00, 0x00, 0x00, 0x30, 0xFF, 0xFF, 0xDC, 0xA2, 0xFF, 0xFF, 0x82, 0x00, 0x00, 0x00, 0x00,
0x00, 0x00, 0x00, 0x8A, 0xFF, 0xFF, 0xA1, 0x47, 0xFF, 0xFF, 0xF5, 0x2E, 0x00, 0x00, 0x00, 0x00,
0x00, 0x39, 0xF9, 0xFF, 0xFF, 0x47, 0x00, 0xC0, 0xFF, 0xFF, 0xEF, 0x70, 0x1C, 0x05, 0x1F, 0x77,
0xF4, 0xFF, 0xFF, 0xBF, 0x00, 0x00, 0x1A, 0xE5, 0xFF, 0xFF, 0xFF, 0xFF, 0xFF, 0xFF, 0xFF, 0xFF,
0xFF, 0xE5, 0x1A, 0x00, 0x00, 0x00, 0x1E, 0xCE, 0xFF, 0xFF, 0xFF, 0xFF, 0xFF, 0xFF, 0xFF, 0xCE,
0x1E, 0x00, 0x00, 0x00, 0x00, 0x00, 0x02, 0x5E, 0xB7, 0xE9, 0xFA, 0xE9, 0xB7, 0x5E, 0x02, 0x00,
0x00, 0x00, 0x8F, 0xF5, 0x9D, 0x00, 0x3D, 0xB3, 0xE9, 0xFA, 0xEB, 0xC0, 0x6B, 0x06, 0x00, 0x00,
0x00, 0xFD, 0xFF, 0xFE, 0x7A, 0xFE, 0xFF, 0xFF, 0xFF, 0xFF, 0xFF, 0xFF, 0xDA, 0x28, 0x00, 0x00,
0xFF, 0xFF, 0xFF, 0xFF, 0xFF, 0xFF, 0xFF, 0xFF, 0xFF, 0xFF, 0xFF, 0xFF, 0xEC, 0x21, 0x00, 0xFF,
0xFF, 0xFF, 0xFF, 0xF4, 0x7A, 0x22, 0x06, 0x1E, 0x74, 0xF3, 0xFF, 0xFF, 0xC9, 0x01, 0xFF, 0xFF,
0xFF, 0xF0, 0x31, 0x00, 0x00, 0x00, 0x00, 0x00, 0x36, 0xF8, 0xFF, 0xFF, 0x4D, 0xFF, 0xFF, 0xFF,
0x71, 0x00, 0x00, 0x00, 0x00, 0x00, 0x00, 0x00, 0x87, 0xFF, 0xFF, 0xA5, 0xFF, 0xFF, 0xFF, 0x25,
0x00, 0x00, 0x00, 0x00, 0x00, 0x00, 0x00, 0x2E, 0xFF, 0xFF, 0xDD, 0xFF, 0xFF, 0xFF, 0x07, 0x00,
0x00, 0x00, 0x00, 0x00, 0x00, 0x00, 0x09, 0xFF, 0xFF, 0xF5, 0xFF, 0xFF, 0xFF, 0x06, 0x00, 0x00,
0x00, 0x00, 0x00, 0x00, 0x00, 0x0A, 0xFF, 0xFF, 0xF6, 0xFF, 0xFF, 0xFF, 0x25, 0x00, 0x00, 0x00,
0x00, 0x00, 0x00, 0x00, 0x30, 0xFF, 0xFF, 0xE0, 0xFF, 0xFF, 0xFF, 0x77, 0x00, 0x00, 0x00, 0x00,
0x00, 0x00, 0x00, 0x88, 0xFF, 0xFF, 0xAB, 0xFF, 0xFF, 0xFF, 0xF0, 0x27, 0x00, 0x00, 0x00, 0x00,
0x00, 0x37, 0xF8, 0xFF, 0xFF, 0x5C, 0xFF, 0xFF, 0xFF, 0xFF, 0xEC, 0x6B, 0x1B, 0x05, 0x1F, 0x76,
0xF3, 0xFF, 0xFF, 0xDD, 0x04, 0xFF, 0xFF, 0xFF, 0xFF, 0xFF, 0xFF, 0xFF, 0xFF, 0xFF, 0xFF, 0xFF,
0xFF, 0xFB, 0x3A, 0x00, 0xFF, 0xFF, 0xFF, 0x82, 0xFF, 0xFF, 0xFF, 0xFF, 0xFF, 0xFF, 0xFF, 0xF7,
0x4E, 0x00, 0x00, 0xFF, 0xFF, 0xFF, 0x00, 0x68, 0xF1, 0xFF, 0xFF, 0xFF, 0xF8, 0xAB, 0x25, 0x00,
0x00, 0x00, 0xFF, 0xFF, 0xFF, 0x00, 0x00, 0x06, 0x35, 0x46, 0x35, 0x0C, 0x00, 0x00, 0x00, 0x00,
0x00, 0xFF, 0xFF, 0xFF, 0x00, 0x00, 0x00, 0x00, 0x00, 0x00, 0x00, 0x00, 0x00, 0x00, 0x00, 0x00,
0xFF, 0xFF, 0xFF, 0x00, 0x00, 0x00, 0x00, 0x00, 0x00, 0x00, 0x00, 0x00, 0x00, 0x00, 0x00, 0xFF,
0xFF, 0xFF, 0x00, 0x00, 0x00, 0x00, 0x00, 0x00, 0x00, 0x00, 0x00, 0x00, 0x00, 0x00, 0xF9, 0xFF,
0xF9, 0x00, 0x00, 0x00, 0x00, 0x00, 0x00, 0x00, 0x00, 0x00, 0x00, 0x00, 0x00, 0x86, 0xF4, 0x84,
0x00, 0x00, 0x00, 0x00, 0x00, 0x00, 0x00, 0x00, 0x00, 0x00, 0x00, 0x00, 0x00, 0x00, 0x00, 0x03,
0x62, 0xBB, 0xE9, 0xFA, 0xEA, 0xB1, 0x34, 0x00, 0x92, 0xF4, 0x8F, 0x00, 0x00, 0x1D, 0xCF, 0xFF,
0xFF, 0xFF, 0xFF, 0xFF, 0xFF, 0xFC, 0x6C, 0xFD, 0xFF, 0xFC, 0x00, 0x17, 0xE2, 0xFF, 0xFF, 0xFF,
0xFF, 0xFF, 0xFF, 0xFF, 0xFF, 0xFF, 0xFF, 0xFF, 0xFF, 0x00, 0xB7, 0xFF, 0xFF, 0xF1, 0x72, 0x1D,
0x05, 0x1C, 0x6A, 0xEB, 0xFF, 0xFF, 0xFF, 0xFF, 0x3D, 0xFF, 0xFF, 0xF6, 0x31, 0x00, 0x00, 0x00,
0x00, 0x00, 0x27, 0xF2, 0xFF, 0xFF, 0xFF, 0x9B, 0xFF, 0xFF, 0x82, 0x00, 0x00, 0x00, 0x00, 0x00,
0x00, 0x00, 0x7D, 0xFF, 0xFF, 0xFF, 0xD8, 0xFF, 0xFF, 0x2B, 0x00, 0x00, 0x00, 0x00, 0x00, 0x00,
0x00, 0x2D, 0xFF, 0xFF, 0xFF, 0xF3, 0xFF, 0xFF, 0x08, 0x00, 0x00, 0x00, 0x00, 0x00, 0x00, 0x00,
0x0A, 0xFF, 0xFF, 0xFF, 0xF9, 0xFF, 0xFF, 0x09, 0x00, 0x00, 0x00, 0x00, 0x00, 0x00, 0x00, 0x07,
0xFF, 0xFF, 0xFF, 0xE4, 0xFF, 0xFF, 0x2F, 0x00, 0x00, 0x00, 0x00, 0x00, 0x00, 0x00, 0x29, 0xFF,
0xFF, 0xFF, 0xB2, 0xFF, 0xFF, 0x87, 0x00, 0x00, 0x00, 0x00, 0x00, 0x00, 0x00, 0x7D, 0xFF, 0xFF,
0xFF, 0x62, 0xFF, 0xFF, 0xF7, 0x33, 0x00, 0x00, 0x00, 0x00, 0x00, 0x2C, 0xF3, 0xFF, 0xFF, 0xFF,
0x06, 0xE0, 0xFF, 0xFF, 0xF1, 0x70, 0x1C, 0x05, 0x1E, 0x71, 0xEF, 0xFF, 0xFF, 0xFF, 0xFF, 0x00,
0x3C, 0xFB, 0xFF, 0xFF, 0xFF, 0xFF, 0xFF, 0xFF, 0xFF, 0xFF, 0xFF, 0xFF, 0xFF, 0xFF, 0x00, 0x00,
0x4E, 0xF6, 0xFF, 0xFF, 0xFF, 0xFF, 0xFF, 0xFF, 0xFF, 0x75, 0xFF, 0xFF, 0xFF, 0x00, 0x00, 0x00,
0x23, 0xA8, 0xF7, 0xFF, 0xFF, 0xFF, 0xDD, 0x4D, 0x00, 0xFF, 0xFF, 0xFF, 0x00, 0x00, 0x00, 0x00,
0x00, 0x0A, 0x2F, 0x3E, 0x26, 0x00, 0x00, 0x00, 0xFF, 0xFF, 0xFF, 0x00, 0x00, 0x00, 0x00, 0x00,
0x00, 0x00, 0x00, 0x00, 0x00, 0x00, 0x00, 0xFF, 0xFF, 0xFF, 0x00, 0x00, 0x00, 0x00, 0x00, 0x00,
0x00, 0x00, 0x00, 0x00, 0x00, 0x00, 0xFF, 0xFF, 0xFF, 0x00, 0x00, 0x00, 0x00, 0x00, 0x00, 0x00,
0x00, 0x00, 0x00, 0x00, 0x00, 0xFF, 0xFF, 0xFF, 0x00, 0x00, 0x00, 0x00, 0x00, 0x00, 0x00, 0x00,
0x00, 0x00, 0x00, 0x00, 0xF9, 0xFF, 0xF9, 0x00, 0x00, 0x00, 0x00, 0x00, 0x00, 0x00, 0x00, 0x00,
0x00, 0x00, 0x00, 0x86, 0xF4, 0x84, 0x91, 0xF5, 0x9D, 0x00, 0x6B, 0xDD, 0xEC, 0x57, 0xFD, 0xFF,
0xFE, 0x7B, 0xFF, 0xFF, 0xFF, 0xCF, 0xFF, 0xFF, 0xFF, 0xFD, 0xFF, 0xFF, 0xF4, 0x65, 0xFF, 0xFF,
0xFF, 0xFF, 0xF3, 0x74, 0x0F, 0x00, 0xFF, 0xFF, 0xFF, 0xDD, 0x24, 0x00, 0x00, 0x00, 0xFF, 0xFF,
0xFF, 0x52, 0x00, 0x00, 0x00, 0x00, 0xFF, 0xFF, 0xFF, 0x14, 0x00, 0x00, 0x00, 0x00, 0xFF, 0xFF,
0xFF, 0x02, 0x00, 0x00, 0x00, 0x00, 0xFF, 0xFF, 0xFF, 0x00, 0x00, 0x00, 0x00, 0x00, 0xFF, 0xFF,
0xFF, 0x00, 0x00, 0x00, 0x00, 0x00, 0xFF, 0xFF, 0xFF, 0x00, 0x00, 0x00, 0x00, 0x00, 0xFF, 0xFF,
0xFF, 0x00, 0x00, 0x00, 0x00, 0x00, 0xFF, 0xFF, 0xFF, 0x00, 0x00, 0x00, 0x00, 0x00, 0xFF, 0xFF,
0xFF, 0x00, 0x00, 0x00, 0x00, 0x00, 0xFA, 0xFF, 0xF9, 0x00, 0x00, 0x00, 0x00, 0x00, 0x86, 0xF3,
0x84, 0x00, 0x00, 0x00, 0x00, 0x00, 0x00, 0x00, 0x00, 0x55, 0xB9, 0xEC, 0xF9, 0xE3, 0xBB, 0x65,
0x0B, 0x00, 0x00, 0x05, 0xAB, 0xFF, 0xFF, 0xFF, 0xFF, 0xFF, 0xFF, 0xFF, 0xE3, 0x2B, 0x00, 0x7E,
0xFF, 0xFF, 0xFF, 0xFF, 0xFF, 0xFF, 0xFF, 0xFF, 0xFF, 0x9D, 0x00, 0xE0, 0xFF, 0xFF, 0xA2, 0x1F,
0x06, 0x1E, 0x59, 0xA5, 0xCB, 0x3E, 0x00, 0xFA, 0xFF, 0xFF, 0x10, 0x00, 0x00, 0x00, 0x00, 0x00,
0x00, 0x00, 0x00, 0xD5, 0xFF, 0xFF, 0x7F, 0x02, 0x00, 0x00, 0x00, 0x00, 0x00, 0x00, 0x00, 0x4A,
0xF8, 0xFF, 0xFF, 0xD7, 0x70, 0x15, 0x00, 0x00, 0x00, 0x00, 0x00, 0x00, 0x21, 0xA5, 0xFB, 0xFF,
0xFF, 0xF8, 0xA0, 0x25, 0x00, 0x00, 0x00, 0x00, 0x00, 0x00, 0x1D, 0x87, 0xE5, 0xFF, 0xFF, 0xFA,
0x85, 0x03, 0x00, 0x00, 0x00, 0x00, 0x00, 0x00, 0x03, 0x5C, 0xE9, 0xFF, 0xFF, 0x7C, 0x00, 0x00,
0x00, 0x00, 0x00, 0x00, 0x00, 0x00, 0x32, 0xFF, 0xFF, 0xDF, 0x00, 0x00, 0x00, 0x00, 0x00, 0x00,
0x00, 0x00, 0x24, 0xFF, 0xFF, 0xF8, 0x9C, 0xF6, 0xBF, 0x6A, 0x2B, 0x0D, 0x0A, 0x41, 0xD3, 0xFF,
0xFF, 0xD3, 0xE9, 0xFF, 0xFF, 0xFF, 0xFF, 0xFF, 0xFF, 0xFF, 0xFF, 0xFF, 0xFF, 0x60, 0x3C, 0xDE,
0xFF, 0xFF, 0xFF, 0xFF, 0xFF, 0xFF, 0xFF, 0xFC, 0x7D, 0x00, 0x00, 0x05, 0x4E, 0xA3, 0xD8, 0xF3,
0xF8, 0xDB, 0x9A, 0x2F, 0x00, 0x00, 0x00, 0x00, 0x00, 0x6F, 0xF0, 0x71, 0x00, 0x00, 0x00, 0x00,
0x00, 0x00, 0xED, 0xFF, 0xEE, 0x00, 0x00, 0x00, 0x00, 0x00, 0x00, 0xFF, 0xFF, 0xFF, 0x00, 0x00,
0x00, 0x00, 0x00, 0x00, 0xFF, 0xFF, 0xFF, 0x00, 0x00, 0x00, 0x00, 0x00, 0x00, 0xFF, 0xFF, 0xFF,
0x00, 0x00, 0x00, 0x00, 0x00, 0x00, 0xFF, 0xFF, 0xFF, 0x00, 0x00, 0x00, 0x79, 0xF4, 0xFF, 0xFF,
0xFF, 0xFF, 0xFF, 0xF9, 0x86, 0xF2, 0xFF, 0xFF, 0xFF, 0xFF, 0xFF, 0xFF, 0xFF, 0xF3, 0x7F, 0xF6,
0xFF, 0xFF, 0xFF, 0xFF, 0xFF, 0xF9, 0x87, 0x00, 0x00, 0x00, 0xFF, 0xFF, 0xFF, 0x00, 0x00, 0x00,
0x00, 0x00, 0x00, 0xFF, 0xFF, 0xFF, 0x00, 0x00, 0x00, 0x00, 0x00, 0x00, 0xFF, 0xFF, 0xFF, 0x00,
0x00, 0x00, 0x00, 0x00, 0x00, 0xFF, 0xFF, 0xFF, 0x00, 0x00, 0x00, 0x00, 0x00, 0x00, 0xFF, 0xFF,
0xFF, 0x00, 0x00, 0x00, 0x00, 0x00, 0x00, 0xFF, 0xFF, 0xFF, 0x00, 0x00, 0x00, 0x00, 0x00, 0x00,
0xFF, 0xFF, 0xFF, 0x00, 0x00, 0x00, 0x00, 0x00, 0x00, 0xFF, 0xFF, 0xFF, 0x00, 0x00, 0x00, 0x00,
0x00, 0x00, 0xFF, 0xFF, 0xFF, 0x00, 0x00, 0x00, 0x00, 0x00, 0x00, 0xFF, 0xFF, 0xFF, 0x00, 0x00,
0x00, 0x00, 0x00, 0x00, 0xFF, 0xFF, 0xFF, 0x00, 0x00, 0x00, 0x00, 0x00, 0x00, 0xF9, 0xFF, 0xF9,
0x00, 0x00, 0x00, 0x00, 0x00, 0x00, 0x89, 0xF4, 0x83, 0x00, 0x00, 0x00, 0x83, 0xF3, 0x8A, 0x00,
0x00, 0x00, 0x00, 0x00, 0x00, 0x00, 0x87, 0xF3, 0x87, 0xF9, 0xFF, 0xF9, 0x00, 0x00, 0x00, 0x00,
0x00, 0x00, 0x00, 0xFA, 0xFF, 0xF9, 0xFF, 0xFF, 0xFF, 0x00, 0x00, 0x00, 0x00, 0x00, 0x00, 0x00,
0xFF, 0xFF, 0xFF, 0xFF, 0xFF, 0xFF, 0x00, 0x00, 0x00, 0x00, 0x00, 0x00, 0x00, 0xFF, 0xFF, 0xFF,
0xFF, 0xFF, 0xFF, 0x00, 0x00, 0x00, 0x00, 0x00, 0x00, 0x00, 0xFF, 0xFF, 0xFF, 0xFF, 0xFF, 0xFF,
0x00, 0x00, 0x00, 0x00, 0x00, 0x00, 0x00, 0xFF, 0xFF, 0xFF, 0xFF, 0xFF, 0xFF, 0x00, 0x00, 0x00,
0x00, 0x00, 0x00, 0x00, 0xFF, 0xFF, 0xFF, 0xFF, 0xFF, 0xFF, 0x00, 0x00, 0x00, 0x00, 0x00, 0x00,
0x00, 0xFF, 0xFF, 0xFF, 0xFF, 0xFF, 0xFF, 0x00, 0x00, 0x00, 0x00, 0x00, 0x00, 0x00, 0xFF, 0xFF,
0xFF, 0xFF, 0xFF, 0xFF, 0x01, 0x00, 0x00, 0x00, 0x00, 0x00, 0x02, 0xFF, 0xFF, 0xFF, 0xF6, 0xFF,
0xFF, 0x12, 0x00, 0x00, 0x00, 0x00, 0x00, 0x1B, 0xFF, 0xFF, 0xF6, 0xDB, 0xFF, 0xFF, 0x71, 0x00,
0x00, 0x00, 0x00, 0x00, 0x79, 0xFF, 0xFF, 0xDF, 0x96, 0xFF, 0xFF, 0xFC, 0x7E, 0x1F, 0x08, 0x29,
0x92, 0xFD, 0xFF, 0xFF, 0x9F, 0x19, 0xEB, 0xFF, 0xFF, 0xFF, 0xFF, 0xFF, 0xFF, 0xFF, 0xFF, 0xFF,
0xF1, 0x25, 0x00, 0x31, 0xEC, 0xFF, 0xFF, 0xFF, 0xFF, 0xFF, 0xFF, 0xFF, 0xE7, 0x3D, 0x00, 0x00,
0x00, 0x18, 0x88, 0xCF, 0xF2, 0xFC, 0xEE, 0xC5, 0x78, 0x10, 0x00, 0x00, 0x76, 0xF3, 0xAA, 0x02,
0x00, 0x00, 0x00, 0x00, 0x00, 0x00, 0x7D, 0xF1, 0xA8, 0x00, 0xD2, 0xFF, 0xFF, 0x49, 0x00, 0x00,
0x00, 0x00, 0x00, 0x13, 0xFA, 0xFF, 0xFE, 0x08, 0x8C, 0xFF, 0xFF, 0xA7, 0x00, 0x00, 0x00, 0x00,
0x00, 0x69, 0xFF, 0xFF, 0xC1, 0x00, 0x2D, 0xFF, 0xFF, 0xF6, 0x0E, 0x00, 0x00, 0x00, 0x00, 0xC3,
0xFF, 0xFF, 0x67, 0x00, 0x00, 0xD0, 0xFF, 0xFF, 0x64, 0x00, 0x00, 0x00, 0x1E, 0xFE, 0xFF, 0xFA,
0x12, 0x00, 0x00, 0x72, 0xFF, 0xFF, 0xC2, 0x00, 0x00, 0x00, 0x78, 0xFF, 0xFF, 0xB2, 0x00, 0x00,
0x00, 0x17, 0xFC, 0xFF, 0xFE, 0x21, 0x00, 0x00, 0xD2, 0xFF, 0xFF, 0x57, 0x00, 0x00, 0x00, 0x00,
0xB5, 0xFF, 0xFF, 0x7E, 0x00, 0x2C, 0xFF, 0xFF, 0xF3, 0x09, 0x00, 0x00, 0x00, 0x00, 0x57, 0xFF,
0xFF, 0xDC, 0x00, 0x87, 0xFF, 0xFF, 0xA2, 0x00, 0x00, 0x00, 0x00, 0x00, 0x08, 0xF0, 0xFF, 0xFF,
0x3C, 0xDF, 0xFF, 0xFF, 0x48, 0x00, 0x00, 0x00, 0x00, 0x00, 0x00, 0x9B, 0xFF, 0xFF, 0xCE, 0xFF,
0xFF, 0xE9, 0x04, 0x00, 0x00, 0x00, 0x00, 0x00, 0x00, 0x3D, 0xFF, 0xFF, 0xFF, 0xFF, 0xFF, 0x93,
0x00, 0x00, 0x00, 0x00, 0x00, 0x00, 0x00, 0x00, 0xDD, 0xFF, 0xFF, 0xFF, 0xFF, 0x38, 0x00, 0x00,
0x00, 0x00, 0x00, 0x00, 0x00, 0x00, 0x80, 0xFF, 0xFF, 0xFF, 0xDD, 0x00, 0x00, 0x00, 0x00, 0x00,
0x00, 0x00, 0x00, 0x00, 0x22, 0xFF, 0xFF, 0xFF, 0x83, 0x00, 0x00, 0x00, 0x00, 0x00, 0x00, 0x00,
0x00, 0x00, 0x00, 0x8B, 0xF7, 0xCC, 0x15, 0x00, 0x00, 0x00, 0x00, 0x00, 0x69, 0xF2, 0xB7, 0x06,
0x00, 0x00, 0x00, 0x00, 0x00, 0x00, 0xA0, 0xF7, 0xB6, 0x04, 0x00, 0x00, 0x00, 0x00, 0x00, 0x06,
0xB2, 0xF3, 0x7E, 0xC1, 0xFF, 0xFF, 0x58, 0x00, 0x00, 0x00, 0x00, 0x00, 0x38, 0xFF, 0xFF, 0xFF,
0x53, 0x00, 0x00, 0x00, 0x00, 0x00, 0x55, 0xFF, 0xFF, 0xCB, 0x7D, 0xFF, 0xFF, 0xB0, 0x00, 0x00,
0x00, 0x00, 0x00, 0x8E, 0xFF, 0xFF, 0xFF, 0xA8, 0x00, 0x00, 0x00, 0x00, 0x00, 0xAC, 0xFF, 0xFF,
0x7A, 0x24, 0xFF, 0xFF, 0xF9, 0x0F, 0x00, 0x00, 0x00, 0x01, 0xE2, 0xFF, 0xFF, 0xFF, 0xF3, 0x08,
0x00, 0x00, 0x00, 0x0C, 0xF6, 0xFF, 0xFF, 0x24, 0x00, 0xCC, 0xFF, 0xFF, 0x61, 0x00, 0x00, 0x00,
0x38, 0xFF, 0xFF, 0xFF, 0xFF, 0xFF, 0x4F, 0x00, 0x00, 0x00, 0x5A, 0xFF, 0xFF, 0xCC, 0x00, 0x00,
0x74, 0xFF, 0xFF, 0xB9, 0x00, 0x00, 0x00, 0x8D, 0xFF, 0xFF, 0xF7, 0xFF, 0xFF, 0xA3, 0x00, 0x00,
0x00, 0xB1, 0xFF, 0xFF, 0x75, 0x00, 0x00, 0x1C, 0xFE, 0xFF, 0xFC, 0x15, 0x00, 0x00, 0xE1, 0xFF,
0xFF, 0x76, 0xFF, 0xFF, 0xF0, 0x06, 0x00, 0x0F, 0xF8, 0xFF, 0xFF, 0x1F, 0x00, 0x00, 0x00, 0xC3,
0xFF, 0xFF, 0x6A, 0x00, 0x37, 0xFF, 0xFF, 0xEC, 0x04, 0xDC, 0xFF, 0xFF, 0x4A, 0x00, 0x5F, 0xFF,
0xFF, 0xC7, 0x00, 0x00, 0x00, 0x00, 0x6A, 0xFF, 0xFF, 0xC2, 0x00, 0x8C, 0xFF, 0xFF, 0x9B, 0x00,
0x89, 0xFF, 0xFF, 0x9E, 0x00, 0xB6, 0xFF, 0xFF, 0x70, 0x00, 0x00, 0x00, 0x00, 0x15, 0xFC, 0xFF,
0xFE, 0x1D, 0xE0, 0xFF, 0xFF, 0x46, 0x00, 0x35, 0xFF, 0xFF, 0xED, 0x17, 0xFA, 0xFF, 0xFE, 0x1B,
0x00, 0x00, 0x00, 0x00, 0x00, 0xB9, 0xFF, 0xFF, 0xA9, 0xFF, 0xFF, 0xEC, 0x04, 0x00, 0x00, 0xE0,
0xFF, 0xFF, 0xAA, 0xFF, 0xFF, 0xC2, 0x00, 0x00, 0x00, 0x00, 0x00, 0x00, 0x61, 0xFF, 0xFF, 0xFF,
0xFF, 0xFF, 0x9B, 0x00, 0x00, 0x00, 0x8D, 0xFF, 0xFF, 0xFF, 0xFF, 0xFF, 0x6B, 0x00, 0x00, 0x00,
0x00, 0x00, 0x00, 0x0F, 0xF8, 0xFF, 0xFF, 0xFF, 0xFF, 0x46, 0x00, 0x00, 0x00, 0x39, 0xFF, 0xFF,
0xFF, 0xFF, 0xFD, 0x17, 0x00, 0x00, 0x00, 0x00, 0x00, 0x00, 0x00, 0xB0, 0xFF, 0xFF, 0xFF, 0xEC,
0x04, 0x00, 0x00, 0x00, 0x01, 0xE3, 0xFF, 0xFF, 0xFF, 0xBD, 0x00, 0x00, 0x00, 0x00, 0x00, 0x00,
0x00, 0x00, 0x52, 0xFF, 0xFF, 0xFF, 0x9A, 0x00, 0x00, 0x00, 0x00, 0x00, 0x8F, 0xFF, 0xFF, 0xFF,
0x62, 0x00, 0x00, 0x00, 0x00, 0x00, 0x00, 0x00, 0x00, 0x00, 0x92, 0xF5, 0xCE, 0x1C, 0x00, 0x00,
0x00, 0x00, 0x00, 0x17, 0xC9, 0xF7, 0xA2, 0x04, 0x00, 0x00, 0x00, 0x00, 0x34, 0xE4, 0xDB, 0x34,
0x00, 0x00, 0x00, 0x00, 0x00, 0x3E, 0xDD, 0xE2, 0x2F, 0x81, 0xFF, 0xFF, 0xE4, 0x17, 0x00, 0x00,
0x00, 0x20, 0xEC, 0xFF, 0xFF, 0x78, 0x1D, 0xEB, 0xFF, 0xFF, 0xC1, 0x04, 0x00, 0x09, 0xCF, 0xFF,
0xFF, 0xE4, 0x15, 0x00, 0x40, 0xFB, 0xFF, 0xFF, 0x90, 0x00, 0xA5, 0xFF, 0xFF, 0xF8, 0x36, 0x00,
0x00, 0x00, 0x6C, 0xFF, 0xFF, 0xFF, 0xB0, 0xFF, 0xFF, 0xFF, 0x62, 0x00, 0x00, 0x00, 0x00, 0x00,
0x9C, 0xFF, 0xFF, 0xFF, 0xFF, 0xFF, 0x95, 0x00, 0x00, 0x00, 0x00, 0x00, 0x00, 0x06, 0xC6, 0xFF,
0xFF, 0xFF, 0xC3, 0x05, 0x00, 0x00, 0x00, 0x00, 0x00, 0x00, 0x00, 0x32, 0xFF, 0xFF, 0xFF, 0x31,
0x00, 0x00, 0x00, 0x00, 0x00, 0x00, 0x00, 0x03, 0xC1, 0xFF, 0xFF, 0xFF, 0xC1, 0x03, 0x00, 0x00,
0x00, 0x00, 0x00, 0x00, 0x88, 0xFF, 0xFF, 0xFF, 0xFF, 0xFF, 0x87, 0x00, 0x00, 0x00, 0x00, 0x00,
0x4A, 0xFE, 0xFF, 0xFF, 0xC9, 0xFF, 0xFF, 0xFE, 0x4A, 0x00, 0x00, 0x00, 0x1E, 0xED, 0xFF, 0xFF,
0xB6, 0x03, 0xB7, 0xFF, 0xFF, 0xED, 0x1E, 0x00, 0x05, 0xC8, 0xFF, 0xFF, 0xE2, 0x13, 0x00, 0x13,
0xE3, 0xFF, 0xFF, 0xC7, 0x05, 0x8C, 0xFF, 0xFF, 0xFB, 0x39, 0x00, 0x00, 0x00, 0x3A, 0xFB, 0xFF,
0xFF, 0x8C, 0xF4, 0xFF, 0xFF, 0x73, 0x00, 0x00, 0x00, 0x00, 0x00, 0x73, 0xFF, 0xFF, 0xF4, 0x98,
0xF4, 0x95, 0x00, 0x00, 0x00, 0x00, 0x00, 0x00, 0x00, 0x95, 0xF4, 0x91, 0x7E, 0xF3, 0xA5, 0x01,
0x00, 0x00, 0x00, 0x00, 0x00, 0x00, 0x69, 0xED, 0xC9, 0x10, 0xDA, 0xFF, 0xFF, 0x43, 0x00, 0x00,
0x00, 0x00, 0x00, 0x09, 0xF1, 0xFF, 0xFF, 0x2F, 0x93, 0xFF, 0xFF, 0xA1, 0x00, 0x00, 0x00, 0x00,
0x00, 0x58, 0xFF, 0xFF, 0xD6, 0x00, 0x35, 0xFF, 0xFF, 0xF3, 0x0B, 0x00, 0x00, 0x00, 0x00, 0xB4,
0xFF, 0xFF, 0x7A, 0x00, 0x00, 0xD5, 0xFF, 0xFF, 0x5D, 0x00, 0x00, 0x00, 0x15, 0xFB, 0xFF, 0xFE,
0x1F, 0x00, 0x00, 0x78, 0xFF, 0xFF, 0xBB, 0x00, 0x00, 0x00, 0x6D, 0xFF, 0xFF, 0xC2, 0x00, 0x00,
0x00, 0x1C, 0xFD, 0xFF, 0xFD, 0x1B, 0x00, 0x00, 0xC9, 0xFF, 0xFF, 0x66, 0x00, 0x00, 0x00, 0x00,
0xBC, 0xFF, 0xFF, 0x77, 0x00, 0x25, 0xFF, 0xFF, 0xF9, 0x11, 0x00, 0x00, 0x00, 0x00, 0x5E, 0xFF,
0xFF, 0xD5, 0x00, 0x82, 0xFF, 0xFF, 0xAE, 0x00, 0x00, 0x00, 0x00, 0x00, 0x0B, 0xF4, 0xFF, 0xFF,
0x33, 0xDD, 0xFF, 0xFF, 0x52, 0x00, 0x00, 0x00, 0x00, 0x00, 0x00, 0xA2, 0xFF, 0xFF, 0xC6, 0xFF,
0xFF, 0xEF, 0x07, 0x00, 0x00, 0x00, 0x00, 0x00, 0x00, 0x44, 0xFF, 0xFF, 0xFF, 0xFF, 0xFF, 0x9A,
0x00, 0x00, 0x00, 0x00, 0x00, 0x00, 0x00, 0x02, 0xE2, 0xFF, 0xFF, 0xFF, 0xFF, 0x3E, 0x00, 0x00,
0x00, 0x00, 0x00, 0x00, 0x00, 0x00, 0x87, 0xFF, 0xFF, 0xFF, 0xE0, 0x01, 0x00, 0x00, 0x00, 0x00,
0x00, 0x00, 0x00, 0x00, 0x29, 0xFF, 0xFF, 0xFF, 0x86, 0x00, 0x00, 0x00, 0x00, 0x00, 0x00, 0x00,
0x00, 0x00, 0x0E, 0xFA, 0xFF, 0xFF, 0x2A, 0x00, 0x00, 0x00, 0x00, 0x00, 0x00, 0x00, 0x00, 0x00,
0x61, 0xFF, 0xFF, 0xCE, 0x00, 0x00, 0x00, 0x00, 0x00, 0x00, 0x00, 0x00, 0x00, 0x00, 0xBD, 0xFF,
0xFF, 0x72, 0x00, 0x00, 0x00, 0x00, 0x00, 0x00, 0x00, 0x00, 0x00, 0x1A, 0xFD, 0xFF, 0xFC, 0x19,
0x00, 0x00, 0x00, 0x00, 0x00, 0x00, 0x00, 0x00, 0x00, 0x74, 0xFF, 0xFF, 0xBA, 0x00, 0x00, 0x00,
0x00, 0x00, 0x00, 0x00, 0x00, 0x00, 0x01, 0xD2, 0xFF, 0xFF, 0x5E, 0x00, 0x00, 0x00, 0x00, 0x00,
0x00, 0x00, 0x00, 0x00, 0x04, 0xC0, 0xF7, 0xC0, 0x0C, 0x00, 0x00, 0x00, 0x00, 0x00, 0x00, 0x00,
0x00, 0x97, 0xFB, 0xFF, 0xFF, 0xFF, 0xFF, 0xFF, 0xFF, 0xFF, 0xFF, 0xFD, 0xC5, 0x03, 0x0B, 0xFF,
0xFF, 0xFF, 0xFF, 0xFF, 0xFF, 0xFF, 0xFF, 0xFF, 0xFF, 0xFF, 0xF5, 0x0B, 0x00, 0x9D, 0xFC, 0xFF,
0xFF, 0xFF, 0xFF, 0xFF, 0xFF, 0xFF, 0xFF, 0xFF, 0x70, 0x00, 0x00, 0x00, 0x00, 0x00, 0x00, 0x00,
0x00, 0x0C, 0xDD, 0xFF, 0xFF, 0xBC, 0x01, 0x00, 0x00, 0x00, 0x00, 0x00, 0x00, 0x00, 0x00, 0x9D,
0xFF, 0xFF, 0xEE, 0x1C, 0x00, 0x00, 0x00, 0x00, 0x00, 0x00, 0x00, 0x00, 0x50, 0xFF, 0xFF, 0xFF,
0x57, 0x00, 0x00, 0x00, 0x00, 0x00, 0x00, 0x00, 0x00, 0x17, 0xEB, 0xFF, 0xFF, 0xA4, 0x00, 0x00,
0x00, 0x00, 0x00, 0x00, 0x00, 0x00, 0x00, 0xB5, 0xFF, 0xFF, 0xE1, 0x0F, 0x00, 0x00, 0x00, 0x00,
0x00, 0x00, 0x00, 0x00, 0x69, 0xFF, 0xFF, 0xFD, 0x3F, 0x00, 0x00, 0x00, 0x00, 0x00, 0x00, 0x00,
0x00, 0x27, 0xF5, 0xFF, 0xFF, 0x8A, 0x00, 0x00, 0x00, 0x00, 0x00, 0x00, 0x00, 0x00, 0x04, 0xCB,
0xFF, 0xFF, 0xD1, 0x06, 0x00, 0x00, 0x00, 0x00, 0x00, 0x00, 0x00, 0x00, 0x83, 0xFF, 0xFF, 0xF8,
0x2C, 0x00, 0x00, 0x00, 0x00, 0x00, 0x00, 0x00, 0x00, 0x39, 0xFC, 0xFF, 0xFF, 0x71, 0x00, 0x00,
0x00, 0x00, 0x00, 0x00, 0x00, 0x00, 0x0A, 0xDC, 0xFF, 0xFF, 0xFF, 0xFF, 0xFF, 0xFF, 0xFF, 0xFF,
0xFF, 0xFF, 0xD7, 0x20, 0x47, 0xFF, 0xFF, 0xFF, 0xFF, 0xFF, 0xFF, 0xFF, 0xFF, 0xFF, 0xFF, 0xFF,
0xFF, 0x6B, 0x21, 0xE2, 0xFF, 0xFF, 0xFF, 0xFF, 0xFF, 0xFF, 0xFF, 0xFF, 0xFF, 0xFF, 0xD5, 0x1D,
0x00, 0x00, 0x3C, 0xD2, 0xFB, 0xFF, 0xFF, 0x28, 0x00, 0x00, 0xD8, 0xFF, 0xFF, 0xFF, 0xFF, 0x28,
0x00, 0x00, 0xFE, 0xFF, 0xFF, 0x64, 0x08, 0x00, 0x00, 0x00, 0xFF, 0xFF, 0xFF, 0x06, 0x00, 0x00,
0x00, 0x00, 0xFF, 0xFF, 0xFF, 0x00, 0x00, 0x00, 0x00, 0x00, 0xFF, 0xFF, 0xFF, 0x00, 0x00, 0x00,
0x00, 0x00, 0xFF, 0xFF, 0xFF, 0x00, 0x00, 0x00, 0x00, 0x00, 0xFF, 0xFF, 0xFF, 0x00, 0x00, 0x00,
0x00, 0x00, 0xFF, 0xFF, 0xFF, 0x00, 0x00, 0x00, 0x00, 0x00, 0xFF, 0xFF, 0xFF, 0x00, 0x00, 0x00,
0x00, 0x00, 0xFF, 0xFF, 0xFF, 0x00, 0x00, 0x00, 0x00, 0x00, 0xFF, 0xFF, 0xFF, 0x00, 0x00, 0x00,
0x00, 0x13, 0xFF, 0xFF, 0xEC, 0x00, 0x00, 0x00, 0x01, 0x8E, 0xFF, 0xFF, 0x82, 0x00, 0x00, 0x00,
0x35, 0xD8, 0xFF, 0xA1, 0x02, 0x00, 0x00, 0x00, 0x00, 0x36, 0xFF, 0xFF, 0xA2, 0x00, 0x00, 0x00,
0x00, 0x04, 0xFF, 0xFF, 0xF5, 0x00, 0x00, 0x00, 0x00, 0x00, 0xFF, 0xFF, 0xFF, 0x00, 0x00, 0x00,
0x00, 0x00, 0xFF, 0xFF, 0xFF, 0x00, 0x00, 0x00, 0x00, 0x00, 0xFF, 0xFF, 0xFF, 0x00, 0x00, 0x00,
0x00, 0x00, 0xFF, 0xFF, 0xFF, 0x00, 0x00, 0x00, 0x00, 0x00, 0xFF, 0xFF, 0xFF, 0x00, 0x00, 0x00,
0x00, 0x00, 0xFF, 0xFF, 0xFF, 0x00, 0x00, 0x00, 0x00, 0x00, 0xFF, 0xFF, 0xFF, 0x00, 0x00, 0x00,
0x00, 0x00, 0xFF, 0xFF, 0xFF, 0x00, 0x00, 0x00, 0x00, 0x00, 0xFF, 0xFF, 0xFF, 0x06, 0x00, 0x00,
0x00, 0x00, 0xFC, 0xFF, 0xFF, 0x5F, 0x07, 0x00, 0x00, 0x00, 0xD2, 0xFF, 0xFF, 0xFF, 0xFF, 0x28,
0x00, 0x00, 0x37, 0xD0, 0xFC, 0xFF, 0xFF, 0x28, 0xFF, 0xFF, 0xFF, 0xFF, 0xFF, 0xFF, 0xFF, 0xFF,
0xFF, 0xFF, 0xFF, 0xFF, 0xFF, 0xFF, 0xFF, 0xFF, 0xFF, 0xFF, 0xFF, 0xFF, 0xFF, 0xFF, 0xFF, 0xFF,
0xFF, 0xFF, 0xFF, 0xFF, 0xFF, 0xFF, 0xFF, 0xFF, 0xFF, 0xFF, 0xFF, 0xFF, 0xFF, 0xFF, 0xFF, 0xFF,
0xFF, 0xFF, 0xFF, 0xFF, 0xFF, 0xFF, 0xFF, 0xFF, 0xFF, 0xFF, 0xFF, 0xFF, 0xFF, 0xFF, 0xFF, 0xFF,
0xFF, 0xFF, 0xFF, 0xFF, 0xFF, 0xFF, 0xFF, 0xFF, 0xFF, 0xFF, 0xFF, 0xFF, 0xFC, 0xD4, 0x3C, 0x00,
0x00, 0xFF, 0xFF, 0xFF, 0xFF, 0xD8, 0x00, 0x00, 0x05, 0x59, 0xFF, 0xFF, 0xFE, 0x00, 0x00, 0x00,
0x06, 0xFF, 0xFF, 0xFF, 0x00, 0x00, 0x00, 0x00, 0xFF, 0xFF, 0xFF, 0x00, 0x00, 0x00, 0x00, 0xFF,
0xFF, 0xFF, 0x00, 0x00, 0x00, 0x00, 0xFF, 0xFF, 0xFF, 0x00, 0x00, 0x00, 0x00, 0xFF, 0xFF, 0xFF,
0x00, 0x00, 0x00, 0x00, 0xFF, 0xFF, 0xFF, 0x00, 0x00, 0x00, 0x00, 0xFF, 0xFF, 0xFF, 0x00, 0x00,
0x00, 0x00, 0xFF, 0xFF, 0xFF, 0x00, 0x00, 0x00, 0x00, 0xFF, 0xFF, 0xFF, 0x00, 0x00, 0x00, 0x00,
0xF6, 0xFF, 0xFF, 0x13, 0x00, 0x00, 0x00, 0xA9, 0xFF, 0xFF, 0x8D, 0x01, 0x00, 0x00, 0x07, 0xA8,
0xFF, 0xD9, 0x35, 0x00, 0x00, 0xA8, 0xFF, 0xFF, 0x36, 0x00, 0x00, 0x00, 0xF6, 0xFF, 0xFF, 0x03,
0x00, 0x00, 0x00, 0xFF, 0xFF, 0xFF, 0x00, 0x00, 0x00, 0x00, 0xFF, 0xFF, 0xFF, 0x00, 0x00, 0x00,
0x00, 0xFF, 0xFF, 0xFF, 0x00, 0x00, 0x00, 0x00, 0xFF, 0xFF, 0xFF, 0x00, 0x00, 0x00, 0x00, 0xFF,
0xFF, 0xFF, 0x00, 0x00, 0x00, 0x00, 0xFF, 0xFF, 0xFF, 0x00, 0x00, 0x00, 0x00, 0xFF, 0xFF, 0xFF,
0x00, 0x00, 0x00, 0x00, 0xFF, 0xFF, 0xFF, 0x00, 0x00, 0x00, 0x06, 0xFF, 0xFF, 0xFF, 0x00, 0x00,
0x05, 0x5C, 0xFF, 0xFF, 0xFC, 0x00, 0x00, 0xFF, 0xFF, 0xFF, 0xFF, 0xD1, 0x00, 0x00, 0xFF, 0xFF,
0xFC, 0xD0, 0x35, 0x00, 0x00, 0x13, 0xD0, 0xFF, 0xFF, 0xFF, 0xFF, 0xFF, 0xFF, 0xFF, 0xFF, 0xD3,
0x19, 0x54, 0xFF, 0xFF, 0xFF, 0xFF, 0xFF, 0xFF, 0xFF, 0xFF, 0xFF, 0xFF, 0x63, 0x12, 0xCC, 0xFF,
0xFF, 0xFF, 0xFF, 0xFF, 0xFF, 0xFF, 0xFF, 0xD2, 0x1A, 0x00, 0x11, 0x56, 0x6F, 0x6C, 0x6B, 0x73,
0x77, 0x61, 0x67, 0x65, 0x6E, 0x2D, 0x4D, 0x65, 0x64, 0x69, 0x75, 0x6D, 0x00, 0x11, 0x56, 0x6F,
0x6C, 0x6B, 0x73, 0x77, 0x61, 0x67, 0x65, 0x6E, 0x2D, 0x4D, 0x65, 0x64, 0x69, 0x75, 0x6D, 0x01,

};
